requested_loan,loan_purpose_code,tenor_requested,employment_status,employer_tenure,monthly_gross_income,monthly_net_income,dti_ratio,housing_status,educational_level,marital_status,dependents_count,credit_score,thin_file_flag,active_trade_lines,revolving_utilisation,delinquencies_3,bankruptcy_flag,avg_account_age,hard_inquiries_6,cash_inflow_avg,cash_outflow_avg,min_monthly_balance_3m,application_time,ip_mismatch_score,id_doc_age_years,income_gap_ratio,address_tenure,industry_unemp_rate,regional_econ_score,inflation_rate_yoy,policy_cap_ratio,position_in_company,applicant_address,label
187621,education,12,retired,4.1,12314,8572,0.54,rent,phd,single,0,547,True,4,0.51,0,True,97,5,21856,16746,3611,14,0.59,0,0.38,5,0.09,0.67,0.021,1.47,owner,105 Example St,0
45353,medical,24,unemployed,4.0,6423,19054,0.42,live-with-family,high-school,divorced,4,685,True,2,0.05,1,False,16,1,7309,15455,4554,14,0.64,11,0.08,11,0.041,0.63,0.076,1.25,retired,651 Example St,0
84175,education,30,self-employed,4.0,25971,22250,0.23,mortgage,high-school,married,0,661,False,5,0.07,2,True,89,3,16964,18035,2340,8,0.14,8,0.37,13,0.11,0.7,0.025,1.5,senior staff,506 Example St,0
32351,education,18,retired,2.4,27298,17833,0.46,live-with-family,phd,widowed,4,628,True,2,0.68,2,False,20,2,18246,8182,7433,0,0.95,8,0.49,5,0.071,0.55,0.054,1.39,senior staff,624 Example St,0
118019,education,36,unemployed,13.8,24626,14621,0.39,rent,master,divorced,1,529,True,2,0.09,3,True,103,4,8120,7207,7787,17,0.17,13,0.48,17,0.096,0.84,0.06,1.08,owner,449 Example St,1
138354,education,18,part-time,1.0,5689,23277,0.43,owner,high-school,single,0,617,True,1,0.86,0,True,41,5,19906,10020,8834,4,0.72,15,0.12,15,0.101,0.6,0.017,1.1,consultant,421 Example St,1
34200,refinance,12,full-time,6.0,16118,7580,0.25,owner,phd,married,3,593,False,8,0.25,0,False,109,4,7208,4657,8856,0,0.97,7,0.08,15,0.068,0.93,0.073,0.92,staff,400 Example St,0
139277,medical,30,retired,14.4,23211,19947,0.19,mortgage,bachelor,single,4,777,True,6,0.06,3,True,13,4,6625,9089,1122,19,0.07,7,0.2,18,0.045,0.8,0.053,1.09,retired,579 Example St,1
88358,education,24,part-time,4.0,9288,13830,0.37,rent,high-school,widowed,4,788,True,2,0.54,2,True,50,0,12004,15108,4669,5,0.44,9,0.31,20,0.073,0.83,0.049,1.45,manager,962 Example St,1
89328,education,12,retired,8.3,13924,13232,0.46,mortgage,bachelor,divorced,4,750,False,1,0.09,3,False,11,0,14929,7286,4291,5,0.74,13,0.28,3,0.028,0.94,0.073,1.18,owner,597 Example St,1
132666,education,12,contractor,5.5,6307,15724,0.23,owner,high-school,divorced,4,708,True,4,0.86,1,False,9,1,14885,16491,4065,8,0.16,3,0.19,1,0.106,0.61,0.067,1.12,director,841 Example St,1
79662,education,12,retired,2.9,15756,13129,0.62,mortgage,master,widowed,4,669,True,2,0.88,2,True,80,2,5253,6552,9774,13,0.35,10,0.22,16,0.032,0.95,0.023,0.83,consultant,2 Example St,1
161151,refinance,18,contractor,6.5,26765,14819,0.47,rent,master,divorced,3,667,False,5,0.55,1,False,91,3,9702,12861,6653,17,0.83,9,0.14,13,0.099,0.8,0.033,1.11,intern,524 Example St,1
64483,refinance,12,contractor,7.7,25740,24291,0.3,owner,master,married,1,575,True,1,0.24,3,True,64,3,24636,9371,6291,15,0.4,4,0.33,0,0.109,0.93,0.072,1.34,intern,181 Example St,1
155779,medical,12,unemployed,3.7,8976,18957,0.18,live-with-family,master,widowed,4,758,False,8,0.9,3,False,39,1,24894,12086,8540,15,0.63,8,0.22,9,0.043,0.67,0.073,0.86,engineer,237 Example St,0
60056,refinance,18,full-time,6.2,15842,21780,0.38,rent,bachelor,widowed,3,799,True,7,0.48,2,False,102,3,17730,10226,7999,7,0.27,15,0.01,10,0.087,0.9,0.061,1.39,engineer,638 Example St,1
123290,refinance,36,retired,0.4,26061,18044,0.18,live-with-family,bachelor,single,2,694,False,4,0.45,2,False,41,3,12266,5683,7705,0,0.75,1,0.5,11,0.042,0.53,0.077,0.83,staff,973 Example St,0
25342,refinance,18,part-time,1.9,26936,7748,0.44,owner,phd,divorced,2,585,True,3,0.96,0,True,45,4,16298,15997,3249,2,0.59,7,0.05,9,0.105,0.8,0.018,1.49,staff,356 Example St,1
193413,medical,12,unemployed,9.7,5414,17764,0.59,rent,phd,divorced,3,578,False,3,0.73,2,False,65,3,23414,11794,5280,7,0.83,2,0.14,14,0.044,0.73,0.053,1.07,staff,507 Example St,1
67668,medical,18,contractor,12.0,16152,13163,0.63,mortgage,high-school,married,0,623,False,8,0.56,1,False,88,5,20083,17685,282,2,0.29,12,0.35,9,0.086,0.68,0.049,1.04,senior staff,339 Example St,0
138946,medical,24,contractor,3.5,28635,10310,0.29,owner,bachelor,married,3,641,False,2,0.83,2,True,52,1,13904,3463,8751,4,0.27,1,0.28,4,0.084,0.88,0.017,0.81,director,481 Example St,1
109314,education,12,contractor,14.1,20654,7738,0.59,live-with-family,phd,single,4,822,True,3,0.15,2,True,37,0,22286,16637,9933,19,0.79,7,0.39,12,0.065,0.72,0.07,1.49,director,583 Example St,1
179811,refinance,12,part-time,9.4,13671,6660,0.19,owner,high-school,married,0,709,False,8,0.29,1,False,96,2,18877,5332,3824,8,0.79,6,0.21,17,0.042,0.57,0.029,0.9,staff,170 Example St,1
175987,refinance,36,contractor,6.6,20358,13964,0.52,mortgage,phd,widowed,0,806,True,7,0.73,2,True,17,1,22848,3679,4415,18,0.04,5,0.24,20,0.064,0.64,0.08,1.11,team lead,993 Example St,0
111215,medical,24,contractor,10.1,10269,14807,0.35,live-with-family,master,widowed,4,518,False,2,0.31,2,True,104,3,20862,3037,8889,14,0.41,6,0.26,19,0.096,0.81,0.063,0.94,senior staff,135 Example St,1
134849,refinance,30,full-time,0.4,25644,23951,0.58,owner,master,single,4,708,True,4,0.99,0,False,21,5,9045,19330,4781,16,0.71,13,0.42,15,0.044,0.78,0.037,1.45,senior staff,765 Example St,1
38300,medical,30,contractor,14.0,21637,12754,0.59,mortgage,master,widowed,1,728,False,6,0.33,3,False,47,1,11825,15549,3826,13,0.04,15,0.35,12,0.059,0.83,0.067,1.49,team lead,988 Example St,0
151672,refinance,24,full-time,13.1,19427,7267,0.42,live-with-family,high-school,married,3,835,True,2,0.47,2,False,85,5,17024,5631,5383,21,0.86,12,0.48,20,0.092,0.88,0.071,0.83,manager,241 Example St,1
95334,education,12,self-employed,14.7,29915,24766,0.52,rent,phd,married,2,514,True,6,0.8,2,False,53,3,8770,11001,8702,13,0.57,5,0.08,2,0.081,0.69,0.058,1.15,retired,147 Example St,0
187222,medical,30,contractor,10.0,20245,13425,0.51,owner,high-school,widowed,2,800,False,7,0.69,3,False,31,3,19833,6494,3886,12,0.57,9,0.5,9,0.022,0.92,0.038,0.81,staff,933 Example St,1
150214,medical,18,unemployed,12.0,12176,24860,0.21,mortgage,bachelor,single,0,658,False,1,0.58,1,True,43,2,17615,8755,3289,4,0.79,11,0.27,8,0.103,0.63,0.068,1.14,director,765 Example St,1
50191,medical,12,part-time,11.3,12392,17022,0.68,mortgage,high-school,widowed,0,635,True,8,0.37,2,False,111,5,16172,6550,3830,15,0.03,10,0.46,7,0.085,0.82,0.042,1.29,consultant,120 Example St,0
29754,medical,30,full-time,1.5,22614,8445,0.33,mortgage,phd,married,3,835,True,8,0.62,2,True,94,2,11119,17528,7285,7,0.86,3,0.49,11,0.074,0.99,0.035,1.08,intern,992 Example St,0
139201,education,18,retired,9.6,5699,5657,0.57,owner,bachelor,married,0,783,True,4,0.81,1,False,105,1,23529,3092,4542,4,0.99,8,0.4,3,0.086,0.51,0.011,1.35,intern,603 Example St,0
65677,medical,12,part-time,11.1,22238,7724,0.55,live-with-family,phd,divorced,4,803,True,8,0.5,0,False,64,5,5020,4993,7847,12,0.43,3,0.25,14,0.027,0.54,0.053,0.85,director,640 Example St,1
163748,refinance,24,self-employed,14.9,22385,13663,0.37,live-with-family,high-school,single,4,610,False,8,0.89,3,False,111,3,17065,16631,1557,10,0.43,8,0.19,4,0.089,0.74,0.016,0.86,consultant,99 Example St,1
117687,education,36,full-time,8.8,23402,22405,0.3,rent,phd,divorced,3,526,False,5,0.35,1,True,90,3,11348,6546,5736,17,0.37,8,0.29,13,0.105,0.99,0.067,1.23,senior staff,27 Example St,1
192446,refinance,24,full-time,2.7,28026,14124,0.65,mortgage,high-school,married,1,789,False,2,0.14,0,True,101,4,11049,15327,6878,14,0.34,11,0.16,10,0.098,0.78,0.016,0.84,engineer,773 Example St,1
196676,education,24,self-employed,9.9,20914,23892,0.37,mortgage,bachelor,single,2,720,True,5,0.68,3,False,11,1,16951,4795,125,6,0.3,6,0.38,8,0.049,0.56,0.045,1.1,engineer,390 Example St,1
80322,refinance,36,retired,12.1,7361,17011,0.62,rent,phd,single,3,539,False,7,0.57,3,False,20,3,4683,13642,2815,19,0.46,11,0.04,3,0.044,0.79,0.047,1.08,director,764 Example St,0
107311,education,12,unemployed,9.5,22386,20710,0.22,mortgage,master,married,1,552,True,5,0.2,1,True,28,5,20191,18202,9236,18,0.45,10,0.43,20,0.052,0.72,0.043,1.24,director,606 Example St,0
152995,education,24,self-employed,6.8,6864,16082,0.6,rent,high-school,widowed,3,797,True,8,0.91,1,False,83,3,20428,7943,1013,14,0.1,10,0.49,2,0.07,0.59,0.027,1.11,team lead,537 Example St,1
61614,medical,24,contractor,5.8,16087,23591,0.13,mortgage,high-school,divorced,0,785,False,5,0.25,1,False,16,4,8634,14462,5082,20,0.7,12,0.06,2,0.051,0.69,0.065,1.37,senior staff,96 Example St,1
130993,refinance,24,full-time,5.4,10906,11018,0.31,live-with-family,bachelor,married,1,579,True,5,0.84,0,True,90,2,24251,7294,9785,12,0.15,5,0.42,19,0.101,0.58,0.041,1.09,intern,993 Example St,1
94692,refinance,30,part-time,8.0,15140,19368,0.64,owner,master,widowed,3,644,False,7,0.97,1,True,117,2,5709,18747,6081,17,0.93,3,0.14,5,0.047,0.95,0.02,1.11,intern,837 Example St,1
111641,education,30,full-time,5.9,17253,11725,0.33,rent,master,married,0,663,True,6,0.79,1,True,42,3,8547,18371,7349,19,0.01,2,0.01,6,0.103,0.77,0.061,1.17,manager,795 Example St,0
98944,education,12,part-time,6.3,25408,18978,0.14,live-with-family,high-school,married,1,649,False,1,0.61,1,False,29,5,6805,14816,1108,16,0.54,0,0.2,15,0.024,0.69,0.036,1.32,owner,808 Example St,0
83209,refinance,12,unemployed,11.0,15895,8371,0.13,mortgage,bachelor,widowed,3,823,True,3,0.06,3,True,43,1,5435,9536,686,10,0.93,12,0.49,17,0.067,0.52,0.055,1.0,staff,887 Example St,1
91622,education,24,self-employed,13.3,29356,18409,0.64,live-with-family,master,married,3,754,False,5,0.8,3,True,61,4,9913,12626,5262,3,0.08,9,0.15,19,0.092,0.58,0.041,1.11,owner,630 Example St,1
91973,refinance,12,full-time,10.1,18310,15904,0.41,owner,high-school,married,4,847,False,1,0.13,1,False,52,3,22587,4061,9913,4,0.68,11,0.19,2,0.077,0.76,0.038,1.25,intern,984 Example St,0
68771,medical,36,self-employed,13.7,8858,12577,0.56,live-with-family,bachelor,divorced,3,602,True,3,0.85,3,True,97,3,6876,13472,5692,22,0.06,9,0.45,5,0.091,0.96,0.055,1.36,senior staff,230 Example St,0
72685,education,18,self-employed,0.4,23154,22752,0.32,owner,high-school,single,2,703,False,7,0.77,0,True,46,5,6430,17744,7632,21,0.52,4,0.44,17,0.084,0.59,0.078,1.1,staff,852 Example St,0
60112,medical,18,part-time,4.8,28243,11388,0.31,mortgage,high-school,divorced,1,825,False,3,0.63,0,True,81,4,9052,8609,9914,10,0.84,1,0.41,0,0.028,0.97,0.064,0.99,intern,786 Example St,1
182033,refinance,12,self-employed,13.3,22877,13491,0.49,mortgage,phd,married,3,652,False,2,0.69,1,False,59,3,19218,9685,5573,19,0.14,10,0.37,11,0.118,0.57,0.036,1.19,owner,248 Example St,1
90116,medical,18,part-time,1.5,14509,16587,0.62,live-with-family,bachelor,married,2,795,False,4,0.76,3,False,69,2,20297,3759,1475,12,0.51,7,0.11,11,0.025,0.64,0.052,1.39,team lead,293 Example St,1
48179,medical,18,contractor,10.9,18213,15991,0.13,rent,bachelor,divorced,4,647,True,7,0.5,2,True,22,0,16907,15228,5555,17,0.94,4,0.1,16,0.06,0.52,0.013,1.3,team lead,532 Example St,1
178927,refinance,18,contractor,14.0,15437,9324,0.34,mortgage,master,widowed,4,653,False,1,0.37,0,False,80,2,24619,3873,9779,15,0.27,7,0.36,18,0.068,0.76,0.06,1.34,consultant,152 Example St,1
83490,education,36,retired,1.6,5620,18451,0.29,owner,phd,married,3,756,False,1,0.71,1,False,90,3,21218,15347,5140,5,0.46,10,0.27,20,0.1,0.63,0.044,1.47,director,572 Example St,0
98017,medical,18,retired,10.6,15388,19722,0.31,mortgage,master,single,4,846,False,7,0.82,1,False,11,2,6589,14349,7247,20,0.26,15,0.11,17,0.047,0.78,0.029,0.88,retired,246 Example St,0
195592,refinance,18,retired,3.5,8283,17543,0.3,live-with-family,high-school,married,0,781,True,7,0.65,3,False,89,1,13412,13524,4676,20,0.06,2,0.33,7,0.074,0.86,0.076,1.44,engineer,428 Example St,1
66081,education,30,self-employed,2.8,29543,13485,0.63,rent,master,single,2,645,False,8,0.89,1,False,40,1,7691,13835,2662,23,0.46,8,0.36,0,0.094,0.9,0.05,1.33,engineer,626 Example St,1
126296,medical,36,contractor,1.3,26930,7125,0.21,owner,phd,divorced,1,503,False,7,0.24,2,False,44,4,22772,3374,4285,20,0.36,7,0.03,3,0.067,0.58,0.058,1.45,director,707 Example St,0
97342,medical,36,part-time,3.3,9376,19669,0.19,mortgage,phd,widowed,4,840,True,4,0.68,0,False,73,5,15854,5559,9243,3,0.06,6,0.29,4,0.036,0.93,0.041,1.28,retired,501 Example St,0
153791,medical,12,self-employed,2.0,18612,18968,0.44,live-with-family,master,single,3,630,True,4,0.58,0,False,50,5,6089,4974,1130,15,0.03,13,0.09,4,0.097,0.99,0.055,1.09,consultant,460 Example St,1
118958,medical,12,retired,14.5,22671,8357,0.49,mortgage,high-school,married,4,701,True,4,0.83,0,False,65,5,21840,16897,8715,12,0.82,7,0.23,4,0.048,0.97,0.061,0.88,consultant,630 Example St,1
24101,education,18,full-time,1.5,6100,18628,0.46,rent,bachelor,single,3,724,True,4,0.75,0,True,70,2,11673,13449,9461,19,0.77,10,0.12,4,0.119,0.76,0.039,0.99,senior staff,972 Example St,1
65910,refinance,30,unemployed,7.4,16285,16489,0.57,mortgage,phd,widowed,1,653,False,3,0.75,3,True,114,1,13854,7730,7586,1,0.56,13,0.28,4,0.059,0.63,0.033,0.86,team lead,868 Example St,0
160413,refinance,18,full-time,4.0,27074,23823,0.46,rent,bachelor,married,3,606,False,5,0.96,0,True,30,5,7844,18693,3974,22,0.6,6,0.2,7,0.075,0.89,0.037,1.17,owner,316 Example St,0
154431,medical,30,full-time,12.0,28672,19384,0.56,mortgage,bachelor,divorced,2,711,True,4,0.74,0,False,76,4,22977,16683,4836,4,0.2,7,0.19,7,0.07,0.83,0.058,0.98,team lead,990 Example St,1
148606,medical,18,retired,11.9,10546,8586,0.53,live-with-family,bachelor,single,4,517,True,1,0.76,3,True,113,5,11583,5227,2474,0,0.22,14,0.19,19,0.084,0.97,0.074,1.26,staff,7 Example St,1
127829,education,12,unemployed,10.8,22555,13394,0.11,live-with-family,bachelor,single,0,768,True,4,0.19,2,False,40,3,6589,15224,6652,14,0.57,7,0.15,2,0.085,0.93,0.063,0.87,consultant,387 Example St,1
34710,refinance,12,retired,2.6,21379,18218,0.49,mortgage,high-school,single,1,608,False,5,0.05,0,False,75,4,5078,8877,5152,0,0.96,4,0.38,12,0.113,0.65,0.049,1.2,consultant,694 Example St,1
106960,medical,18,retired,10.9,21409,15333,0.13,live-with-family,bachelor,single,2,809,False,6,0.03,2,False,68,1,15659,15301,7075,5,0.68,12,0.04,19,0.05,0.62,0.015,0.99,consultant,729 Example St,1
60442,refinance,30,contractor,5.4,7998,4170,0.67,live-with-family,master,divorced,0,567,True,3,0.43,3,True,9,0,15597,6049,9780,19,0.78,12,0.01,13,0.059,0.54,0.073,1.43,intern,586 Example St,1
199651,medical,18,part-time,4.0,13795,20158,0.19,owner,phd,divorced,3,653,False,2,0.36,1,False,82,4,10407,18003,1752,4,0.3,12,0.17,19,0.058,0.93,0.041,1.1,retired,140 Example St,0
178128,refinance,18,self-employed,4.7,18049,14457,0.27,live-with-family,bachelor,divorced,3,643,False,6,0.11,1,True,93,4,4881,18126,3434,14,0.8,2,0.41,13,0.087,0.57,0.031,0.98,engineer,733 Example St,1
118825,education,30,unemployed,7.2,18133,21510,0.4,live-with-family,high-school,divorced,4,804,True,2,0.77,2,True,88,4,5451,16094,5432,13,0.11,3,0.13,16,0.095,0.78,0.058,0.95,owner,401 Example St,1
198141,refinance,36,part-time,5.2,5804,19819,0.16,live-with-family,high-school,single,1,678,False,6,0.46,1,False,50,3,7198,17357,7412,10,0.07,1,0.41,3,0.022,0.67,0.018,1.36,intern,529 Example St,0
61978,medical,36,self-employed,14.4,12597,17272,0.48,owner,phd,widowed,0,814,True,8,0.59,3,True,96,1,10743,12120,1025,18,0.1,5,0.18,6,0.066,0.63,0.07,1.17,owner,612 Example St,0
122903,refinance,12,contractor,5.3,20003,24229,0.2,mortgage,high-school,married,2,560,True,5,0.12,2,True,71,3,17704,7517,9417,12,0.42,15,0.32,20,0.113,0.59,0.022,1.0,engineer,323 Example St,1
182374,education,24,full-time,7.3,11393,16581,0.68,live-with-family,phd,widowed,3,727,False,3,0.08,0,True,43,0,13006,10367,8808,9,0.17,14,0.28,15,0.075,0.56,0.018,1.34,owner,556 Example St,1
30907,refinance,30,unemployed,3.3,18931,7355,0.54,owner,master,single,3,634,False,2,0.44,0,True,32,5,23265,14489,9998,20,0.43,4,0.39,6,0.101,0.79,0.047,1.22,engineer,332 Example St,1
96712,medical,36,contractor,14.3,21856,7120,0.18,live-with-family,high-school,divorced,1,567,True,3,0.71,1,False,68,1,22921,11805,6786,12,0.45,2,0.2,8,0.089,0.94,0.042,1.14,retired,3 Example St,1
44416,refinance,30,retired,10.0,16738,6075,0.58,live-with-family,bachelor,widowed,1,753,False,6,0.83,2,True,78,3,15263,4586,752,3,0.63,14,0.01,5,0.064,0.5,0.077,0.94,engineer,904 Example St,1
61674,medical,12,retired,5.4,7700,16184,0.5,owner,high-school,widowed,2,619,False,2,0.7,0,True,67,0,8348,10411,8510,21,0.45,0,0.35,3,0.119,0.71,0.019,0.85,consultant,92 Example St,1
46850,education,24,contractor,13.2,9493,16541,0.56,owner,bachelor,single,4,788,True,3,0.44,1,True,58,4,18496,10118,1420,3,0.14,3,0.29,12,0.055,0.71,0.065,0.97,manager,255 Example St,1
177288,refinance,36,contractor,11.7,27625,4878,0.61,mortgage,bachelor,married,3,651,True,4,0.49,0,True,69,5,23461,5326,8655,0,0.99,10,0.07,18,0.062,0.77,0.022,1.13,manager,18 Example St,1
23615,medical,18,full-time,13.8,18040,20600,0.27,live-with-family,phd,widowed,0,827,True,5,0.08,0,True,109,1,21576,13706,6401,18,0.63,2,0.16,13,0.093,0.92,0.014,0.86,consultant,119 Example St,1
179601,education,24,retired,11.1,29269,9755,0.17,owner,high-school,married,3,677,False,3,0.37,2,True,104,0,14977,17068,4456,16,0.06,2,0.25,16,0.056,0.75,0.05,1.06,director,792 Example St,0
170447,refinance,12,part-time,11.1,5084,5443,0.62,rent,bachelor,single,3,686,False,3,0.18,0,False,34,2,12135,16639,5241,8,0.83,11,0.06,1,0.038,0.9,0.079,1.47,manager,899 Example St,1
94005,medical,24,full-time,8.3,5261,16088,0.22,mortgage,bachelor,widowed,2,802,False,4,0.73,1,True,6,3,4783,10634,8872,11,0.64,0,0.48,0,0.096,0.69,0.062,1.02,intern,543 Example St,1
130052,medical,12,part-time,10.7,8048,5438,0.65,live-with-family,master,widowed,0,797,True,3,0.64,3,True,81,4,6040,17253,2141,7,0.29,10,0.46,12,0.09,0.87,0.032,0.99,manager,967 Example St,0
173277,education,18,full-time,2.5,20271,14290,0.34,mortgage,bachelor,widowed,2,737,False,2,0.09,2,True,33,2,8860,5988,4066,11,0.4,1,0.34,8,0.102,0.59,0.077,1.4,senior staff,767 Example St,1
44831,medical,12,part-time,1.8,7020,11283,0.18,live-with-family,master,single,4,800,False,2,0.02,0,True,88,3,8220,6013,5432,3,0.04,14,0.03,18,0.063,0.86,0.045,1.07,consultant,177 Example St,0
69060,medical,24,self-employed,13.3,6135,24123,0.47,owner,master,widowed,3,781,False,1,0.09,3,True,59,1,21229,11164,8907,0,0.99,11,0.24,15,0.054,0.78,0.033,0.99,staff,327 Example St,1
27681,medical,12,self-employed,7.9,24136,11627,0.68,rent,bachelor,married,2,773,True,4,0.58,3,False,113,1,9770,10751,9707,10,0.81,11,0.46,0,0.09,0.68,0.05,0.9,intern,857 Example St,1
149034,refinance,24,part-time,7.4,7957,5840,0.24,owner,high-school,widowed,0,669,True,3,0.34,1,False,13,0,8840,7641,1817,16,0.86,2,0.19,12,0.079,0.67,0.033,1.48,consultant,811 Example St,1
147716,refinance,24,part-time,10.6,23414,24110,0.57,owner,bachelor,widowed,2,650,True,3,0.73,3,True,29,4,14427,10238,9265,3,0.94,4,0.17,2,0.044,0.99,0.022,1.42,manager,842 Example St,1
187536,refinance,24,self-employed,0.2,11870,12176,0.52,mortgage,master,single,0,524,False,8,0.73,1,False,69,3,15509,15299,1661,15,0.79,7,0.08,2,0.1,0.52,0.011,0.98,manager,76 Example St,0
118424,education,12,unemployed,14.1,8050,15073,0.46,live-with-family,high-school,widowed,1,810,False,3,0.05,2,True,30,3,22157,11692,4612,9,0.24,1,0.2,17,0.104,0.58,0.035,1.1,director,844 Example St,1
177342,medical,18,full-time,0.4,10597,24912,0.28,rent,phd,single,2,703,False,8,0.89,2,True,88,4,16698,9058,6078,12,0.37,14,0.02,14,0.067,0.61,0.029,0.84,manager,88 Example St,1
161937,medical,36,part-time,8.3,17684,21123,0.35,live-with-family,bachelor,widowed,2,540,False,1,0.5,1,True,102,3,9664,8477,3471,6,0.13,13,0.04,13,0.04,0.91,0.02,1.22,owner,933 Example St,1
37566,education,30,unemployed,6.0,15686,13050,0.41,rent,phd,single,3,576,True,2,0.92,0,False,117,4,15267,16464,4327,12,0.65,15,0.02,8,0.06,0.81,0.058,1.08,consultant,911 Example St,1
82279,education,30,contractor,13.5,5662,15071,0.59,mortgage,master,divorced,3,850,True,4,0.13,3,False,40,5,17656,5925,3079,14,0.21,13,0.37,16,0.107,0.91,0.046,0.91,director,727 Example St,1
55559,refinance,36,full-time,2.6,11577,5888,0.25,live-with-family,high-school,divorced,1,640,False,8,0.51,0,True,36,2,20016,17617,2909,15,0.59,11,0.17,8,0.095,0.84,0.03,1.07,engineer,875 Example St,1
76182,education,18,retired,3.1,26351,17418,0.41,rent,phd,married,1,807,True,4,0.25,2,False,60,3,15426,18040,4128,6,0.47,12,0.29,0,0.071,0.83,0.069,1.06,retired,624 Example St,0
199414,education,30,full-time,5.0,14059,24991,0.3,mortgage,master,divorced,1,576,True,1,0.81,3,False,93,1,4834,19297,4843,8,0.91,12,0.19,1,0.078,1.0,0.067,1.04,intern,703 Example St,1
144711,refinance,24,unemployed,4.5,10570,22292,0.21,rent,phd,married,2,786,True,6,0.65,1,False,34,5,14062,16778,5428,11,0.26,9,0.23,3,0.067,0.93,0.051,1.46,manager,484 Example St,1
151197,education,30,unemployed,4.5,6771,8940,0.18,owner,master,widowed,4,734,True,6,0.86,1,True,68,2,24677,8794,5134,20,0.06,14,0.14,5,0.078,0.58,0.065,1.35,engineer,630 Example St,1
132567,medical,30,self-employed,5.7,6236,21490,0.22,mortgage,high-school,divorced,4,597,True,1,0.63,1,True,94,2,14226,7224,1682,12,0.5,9,0.08,1,0.05,0.65,0.061,1.22,owner,445 Example St,1
55072,medical,30,contractor,11.3,10402,17218,0.11,owner,bachelor,married,0,801,True,2,0.37,0,False,118,5,12381,4592,9730,1,0.66,0,0.02,3,0.062,0.69,0.048,1.13,engineer,211 Example St,1
185232,education,24,self-employed,9.9,26708,21049,0.26,owner,phd,single,4,816,True,5,0.11,0,False,31,4,10545,11617,8571,6,0.36,13,0.15,1,0.075,0.96,0.058,1.14,intern,3 Example St,0
43331,education,36,retired,7.4,7951,20767,0.15,rent,master,married,3,651,False,8,0.05,1,True,115,2,15803,13246,6979,23,0.12,1,0.0,4,0.086,0.59,0.035,1.11,retired,275 Example St,1
44366,medical,24,part-time,1.7,18115,18959,0.26,live-with-family,phd,widowed,1,557,True,1,0.98,1,True,59,4,19816,17357,2969,19,0.38,11,0.31,4,0.068,0.74,0.072,1.11,manager,268 Example St,1
23240,refinance,36,retired,8.6,23514,11339,0.69,mortgage,high-school,widowed,1,746,False,7,0.15,0,True,88,1,20566,18377,8123,5,0.07,15,0.16,10,0.117,0.53,0.026,1.25,consultant,837 Example St,0
140348,medical,36,self-employed,1.3,21333,18649,0.29,live-with-family,high-school,single,3,711,True,1,0.83,2,True,89,5,18949,14169,5953,1,0.82,14,0.17,19,0.08,0.86,0.035,1.12,manager,778 Example St,1
20575,medical,24,retired,14.5,14567,21946,0.41,rent,high-school,married,3,571,False,2,0.25,1,True,21,3,11064,17976,3122,22,0.34,13,0.02,20,0.104,0.79,0.064,1.12,retired,980 Example St,1
150764,education,36,retired,0.7,19182,23173,0.39,owner,bachelor,married,0,698,False,7,0.42,1,False,56,2,13639,17838,2185,4,0.41,9,0.42,17,0.106,0.86,0.075,1.24,intern,215 Example St,1
96173,refinance,24,retired,2.0,28278,9826,0.4,mortgage,high-school,divorced,4,745,False,5,0.88,3,True,72,0,4828,15480,2381,1,0.67,6,0.13,5,0.118,0.84,0.02,0.84,director,209 Example St,1
28468,medical,30,full-time,9.2,27135,22411,0.62,live-with-family,bachelor,divorced,0,695,False,7,0.96,2,True,7,5,12235,9654,7259,7,0.91,11,0.38,17,0.094,0.6,0.061,0.94,team lead,182 Example St,1
39521,education,18,retired,7.7,17360,5331,0.36,mortgage,bachelor,married,4,630,True,6,0.47,1,True,25,2,23558,4666,4934,15,0.79,11,0.04,10,0.073,0.98,0.046,1.35,engineer,426 Example St,1
125753,education,24,part-time,13.3,26736,14875,0.3,mortgage,bachelor,widowed,4,832,True,2,0.67,3,True,88,4,24353,10989,653,21,0.89,12,0.46,3,0.059,0.77,0.03,1.44,owner,527 Example St,1
136800,medical,12,contractor,13.5,11308,14496,0.41,rent,bachelor,single,0,607,True,7,0.84,1,False,88,0,9038,3778,7523,22,0.33,2,0.04,5,0.099,0.78,0.05,0.96,director,418 Example St,0
185207,medical,30,contractor,0.3,27062,7876,0.42,rent,high-school,single,2,757,True,5,0.79,2,True,42,3,16498,15947,504,15,0.16,7,0.07,12,0.1,0.92,0.031,1.24,director,694 Example St,1
189853,medical,12,unemployed,13.1,9632,8038,0.13,live-with-family,high-school,divorced,1,676,True,7,0.91,1,True,29,1,24214,11281,3183,3,0.18,1,0.43,17,0.066,0.77,0.03,0.85,manager,203 Example St,1
147714,medical,24,part-time,10.1,12685,7278,0.27,rent,bachelor,divorced,3,730,False,5,0.69,1,False,109,2,18034,8525,79,10,0.25,7,0.36,20,0.064,0.92,0.019,1.31,team lead,474 Example St,1
100077,medical,36,full-time,2.6,24877,6686,0.61,owner,bachelor,divorced,0,538,True,1,0.81,3,True,10,4,12539,18469,2435,11,0.39,9,0.07,16,0.071,0.7,0.045,1.26,retired,701 Example St,0
154777,education,30,part-time,2.7,23540,8790,0.54,live-with-family,master,single,1,749,True,2,0.26,1,True,91,1,20970,14837,6358,15,0.92,1,0.02,20,0.052,0.85,0.046,1.38,director,593 Example St,1
65573,medical,30,contractor,8.8,7550,20930,0.25,owner,phd,divorced,2,749,False,1,0.5,1,False,27,1,6526,19860,4600,6,0.15,5,0.18,3,0.086,0.71,0.033,0.88,team lead,491 Example St,0
62269,refinance,30,full-time,3.7,9190,22792,0.46,owner,high-school,married,0,585,False,3,0.52,3,True,118,5,13288,5809,3548,14,0.61,15,0.43,5,0.042,0.71,0.02,1.21,engineer,639 Example St,1
89342,education,24,self-employed,8.9,7255,11530,0.33,owner,high-school,single,1,767,False,3,0.61,1,False,84,4,5279,19493,1925,2,0.48,4,0.45,17,0.103,0.95,0.064,1.25,senior staff,431 Example St,0
31387,refinance,36,self-employed,3.4,20798,16492,0.31,rent,phd,married,2,744,True,2,0.28,3,False,30,0,4233,6861,8515,0,0.38,6,0.34,10,0.061,0.55,0.04,1.21,director,876 Example St,1
168024,medical,36,contractor,14.9,18023,10674,0.35,live-with-family,bachelor,divorced,4,784,False,5,0.99,2,False,100,1,7902,10529,7317,22,0.95,3,0.11,12,0.099,0.9,0.053,1.28,staff,165 Example St,0
186691,education,12,part-time,7.1,24668,18266,0.15,mortgage,bachelor,divorced,0,811,True,7,0.93,3,False,97,4,5882,8743,8099,14,0.01,9,0.1,19,0.071,0.85,0.053,1.27,owner,245 Example St,1
61273,education,24,self-employed,5.3,17948,17285,0.45,rent,high-school,single,4,645,False,6,0.96,2,True,83,1,18901,16236,9419,0,0.26,13,0.25,17,0.027,0.65,0.076,1.36,director,898 Example St,1
170704,medical,30,self-employed,8.4,12971,15130,0.68,live-with-family,phd,single,3,559,False,2,0.38,1,True,108,2,17514,14570,8462,17,0.01,8,0.12,2,0.06,0.87,0.034,1.19,engineer,488 Example St,0
77295,refinance,24,part-time,14.2,27384,10231,0.4,owner,bachelor,married,2,605,True,4,0.83,2,True,105,0,7928,5571,8071,19,0.01,1,0.42,11,0.082,0.75,0.079,1.43,director,503 Example St,0
153990,medical,30,part-time,11.3,9202,5774,0.42,live-with-family,phd,single,4,677,False,3,0.46,0,False,46,5,4275,3387,3452,12,0.58,10,0.18,8,0.039,0.63,0.029,1.47,owner,375 Example St,0
131134,education,30,retired,11.3,16962,17126,0.27,owner,bachelor,married,0,638,True,7,0.86,1,True,108,5,8900,18498,159,5,0.42,4,0.5,20,0.072,0.86,0.065,1.01,senior staff,880 Example St,1
124438,education,18,full-time,3.2,13332,19615,0.6,rent,phd,divorced,2,684,False,5,0.34,3,True,50,5,23843,9519,9451,18,0.65,5,0.49,9,0.056,0.84,0.044,1.32,manager,391 Example St,1
141569,refinance,18,part-time,9.6,16055,17822,0.48,live-with-family,high-school,single,1,675,True,6,0.32,2,False,83,5,16958,11888,7289,11,0.75,14,0.21,5,0.105,0.56,0.026,0.98,manager,216 Example St,0
47003,education,12,self-employed,8.2,5863,17009,0.41,rent,high-school,divorced,4,579,True,7,0.31,1,False,62,5,8142,7301,8630,5,0.03,11,0.43,10,0.106,0.73,0.071,1.45,senior staff,456 Example St,0
161371,education,36,unemployed,6.8,29540,24835,0.63,live-with-family,master,divorced,3,776,True,2,0.44,2,False,39,1,13947,3345,1,16,0.82,4,0.17,15,0.074,0.84,0.044,1.33,director,10 Example St,1
96787,refinance,18,full-time,8.2,11179,17491,0.63,live-with-family,phd,married,1,830,False,7,0.22,0,False,86,1,20928,11908,4664,20,0.74,8,0.21,2,0.038,0.64,0.055,1.23,director,718 Example St,1
69227,medical,12,part-time,0.7,22529,4725,0.21,rent,master,divorced,1,724,True,4,0.09,0,False,33,2,17770,13209,8165,11,0.46,1,0.17,4,0.026,0.89,0.015,1.13,intern,918 Example St,1
120028,education,12,retired,3.7,19514,12099,0.54,rent,bachelor,widowed,0,766,True,8,0.39,2,False,26,5,5382,7002,4150,15,0.64,6,0.18,1,0.106,0.61,0.018,1.24,owner,16 Example St,0
92377,refinance,12,self-employed,11.8,5292,5376,0.45,live-with-family,bachelor,divorced,0,627,True,8,0.09,2,True,13,2,9043,6519,2061,15,0.23,11,0.4,14,0.093,0.51,0.036,1.31,director,921 Example St,0
134688,refinance,24,unemployed,10.5,11218,22569,0.21,mortgage,master,widowed,2,806,True,2,0.53,3,False,110,2,21747,15029,7439,0,0.78,12,0.37,0,0.082,0.68,0.053,1.02,manager,675 Example St,1
121578,education,36,retired,7.5,23070,9050,0.47,mortgage,phd,divorced,0,549,True,1,0.84,1,True,117,0,10621,6507,7952,6,0.1,12,0.33,16,0.082,0.8,0.013,0.95,manager,14 Example St,1
74719,refinance,30,full-time,7.0,25936,5989,0.32,live-with-family,master,single,4,636,True,2,0.83,0,True,72,0,7316,10569,8710,12,0.19,7,0.29,5,0.076,0.78,0.062,1.34,retired,367 Example St,1
194389,medical,12,part-time,11.9,23021,17158,0.4,owner,phd,divorced,2,781,False,6,0.41,3,False,83,1,22453,10009,6145,17,0.93,8,0.18,14,0.065,0.7,0.061,1.49,retired,17 Example St,1
99125,education,24,part-time,3.2,15318,4711,0.56,mortgage,bachelor,single,0,735,False,3,0.14,2,True,35,2,13840,6011,9346,12,0.57,6,0.37,10,0.099,0.59,0.068,1.28,retired,840 Example St,1
176036,refinance,24,full-time,11.0,23883,16502,0.15,rent,master,divorced,3,713,True,4,0.75,0,False,12,2,21182,4349,5231,17,0.56,10,0.25,7,0.035,0.84,0.08,1.48,retired,590 Example St,1
78218,medical,24,self-employed,2.2,16015,6704,0.39,rent,phd,divorced,0,704,False,3,0.76,3,True,68,3,22721,9425,9194,19,1.0,7,0.12,8,0.098,0.66,0.075,0.86,consultant,434 Example St,0
69935,medical,24,unemployed,9.8,14988,9546,0.69,live-with-family,bachelor,widowed,0,619,True,6,0.16,0,True,100,0,11964,7839,4713,0,0.34,3,0.15,15,0.022,0.6,0.048,0.94,senior staff,769 Example St,0
146622,refinance,18,retired,10.5,5602,16340,0.45,rent,master,married,0,645,True,5,0.05,0,True,55,5,12890,14803,1767,0,0.29,12,0.12,12,0.071,0.85,0.073,1.14,retired,545 Example St,0
72133,refinance,30,unemployed,13.9,5704,5302,0.25,mortgage,master,widowed,3,580,True,6,0.68,2,False,36,4,13039,5031,4221,12,0.89,0,0.47,8,0.043,0.67,0.037,0.9,consultant,534 Example St,1
180549,refinance,18,self-employed,3.6,10005,17974,0.68,mortgage,phd,married,1,834,True,4,0.86,2,True,61,1,22508,8178,5201,2,0.56,3,0.09,4,0.093,0.88,0.072,1.09,consultant,311 Example St,1
186945,refinance,24,part-time,11.7,8498,8310,0.21,mortgage,bachelor,married,1,513,False,2,0.69,3,True,70,4,19360,15253,3014,12,0.49,4,0.08,7,0.023,0.88,0.011,0.99,consultant,228 Example St,1
73171,education,12,part-time,13.9,19394,24219,0.39,mortgage,phd,married,3,707,True,7,0.72,3,True,72,0,18798,17971,694,7,0.52,12,0.49,1,0.076,0.76,0.054,0.83,director,451 Example St,0
99837,medical,30,part-time,6.3,25091,5787,0.51,owner,phd,widowed,0,756,True,3,0.78,1,False,58,2,18774,3816,2930,14,0.59,6,0.44,2,0.045,0.85,0.074,1.36,manager,94 Example St,0
137807,refinance,24,full-time,7.9,17585,20766,0.47,owner,phd,widowed,0,587,False,3,0.16,1,True,104,5,5681,16748,5047,9,0.73,14,0.14,5,0.032,0.57,0.024,1.24,director,13 Example St,1
150716,refinance,12,unemployed,13.2,12794,11106,0.45,live-with-family,phd,widowed,3,540,True,4,0.88,2,True,12,1,8858,4804,5718,1,0.15,1,0.33,19,0.05,0.96,0.013,1.09,engineer,166 Example St,1
180193,refinance,36,unemployed,11.8,10813,18920,0.55,mortgage,high-school,single,2,665,False,7,0.82,3,True,43,3,8408,6998,4496,10,0.53,6,0.35,19,0.026,0.79,0.079,1.17,manager,496 Example St,1
178538,refinance,24,self-employed,9.1,15370,12508,0.42,mortgage,bachelor,widowed,4,823,False,8,0.81,1,False,30,0,7873,3785,7616,20,0.8,6,0.4,13,0.061,0.67,0.049,1.25,staff,656 Example St,0
93826,medical,12,contractor,4.5,23022,14614,0.56,rent,master,divorced,3,791,True,3,0.19,2,False,66,0,8448,18777,2545,20,0.46,10,0.23,13,0.113,0.53,0.046,1.2,owner,569 Example St,1
74594,refinance,24,contractor,1.0,9892,13190,0.6,mortgage,phd,married,4,810,False,3,0.6,2,False,96,0,12896,16561,1422,15,0.88,11,0.23,9,0.042,0.65,0.018,1.35,intern,936 Example St,0
152643,education,30,unemployed,2.3,16144,19842,0.54,mortgage,master,married,0,764,True,4,0.72,3,False,97,4,7795,3134,5095,1,0.69,2,0.17,1,0.03,0.88,0.062,0.82,director,655 Example St,1
104116,education,18,contractor,4.1,15457,18454,0.5,mortgage,bachelor,married,2,558,True,2,0.21,2,False,40,1,13282,11022,2806,2,0.31,10,0.27,1,0.033,0.74,0.057,0.87,staff,89 Example St,1
66919,refinance,36,unemployed,9.4,27614,18609,0.47,mortgage,master,married,4,540,False,3,0.09,3,True,64,2,19250,18418,3796,7,0.14,8,0.46,12,0.038,0.96,0.033,1.4,owner,465 Example St,1
37135,medical,12,contractor,7.2,10596,13249,0.56,owner,high-school,widowed,0,666,True,5,0.53,3,False,36,4,11985,8210,7903,12,0.07,6,0.41,18,0.063,0.99,0.05,1.04,intern,178 Example St,1
40419,refinance,36,self-employed,1.7,24532,19168,0.3,rent,phd,married,2,707,True,2,0.69,3,False,69,5,6014,5966,3565,4,0.89,0,0.38,4,0.065,0.65,0.053,1.11,intern,698 Example St,1
98573,refinance,24,self-employed,10.8,16280,6925,0.45,live-with-family,bachelor,divorced,0,689,True,1,0.7,2,True,116,2,5021,10708,7073,22,0.59,10,0.36,12,0.058,0.77,0.056,1.13,intern,569 Example St,0
114447,medical,18,contractor,15.0,26956,8113,0.18,rent,high-school,married,3,836,False,3,0.08,3,False,120,5,23805,16949,2945,14,0.51,14,0.19,7,0.039,0.8,0.05,1.39,intern,730 Example St,1
127698,refinance,36,contractor,0.5,6240,22617,0.39,mortgage,high-school,widowed,0,572,False,8,0.52,0,True,66,5,6558,13239,864,10,0.54,0,0.23,16,0.111,0.79,0.033,1.05,director,297 Example St,0
176666,refinance,24,retired,11.8,13534,6012,0.48,owner,high-school,divorced,4,513,False,8,0.08,0,False,38,1,24178,12206,4509,8,0.01,3,0.3,18,0.094,0.83,0.036,0.92,intern,497 Example St,0
158251,education,24,full-time,14.5,24514,9051,0.6,live-with-family,phd,married,3,826,True,4,0.58,2,True,88,2,7800,4721,2745,14,0.4,9,0.24,17,0.043,0.84,0.037,0.98,senior staff,892 Example St,1
95705,medical,30,retired,4.7,22375,5344,0.16,mortgage,phd,divorced,2,638,False,2,0.26,3,False,104,5,11923,9387,8518,10,0.68,5,0.16,0,0.087,0.92,0.011,0.87,manager,702 Example St,1
77518,refinance,24,contractor,2.9,5776,24296,0.16,owner,high-school,single,0,809,True,7,0.66,1,True,95,1,12301,12652,7650,21,0.94,14,0.46,8,0.097,0.85,0.057,1.34,director,166 Example St,1
92689,education,30,self-employed,5.0,6968,12461,0.67,mortgage,bachelor,widowed,0,751,True,7,0.18,3,True,24,4,18131,10156,1740,14,0.72,3,0.02,2,0.077,0.63,0.041,1.43,engineer,669 Example St,1
29918,refinance,30,contractor,2.3,15807,16823,0.44,live-with-family,phd,widowed,3,535,True,1,0.38,3,True,78,4,15761,13926,4961,12,0.06,2,0.18,10,0.028,0.73,0.064,1.25,engineer,568 Example St,0
120706,refinance,18,contractor,10.4,8498,24664,0.51,live-with-family,high-school,widowed,1,571,True,4,0.03,1,False,55,0,21712,13083,8186,17,0.96,14,0.48,0,0.024,0.53,0.065,0.83,manager,217 Example St,1
194932,refinance,30,retired,13.1,22582,8880,0.54,owner,high-school,single,1,750,True,8,0.91,0,True,95,5,8277,3470,2822,20,0.05,9,0.41,3,0.066,0.59,0.051,1.37,manager,117 Example St,1
181383,education,12,part-time,6.4,29180,17173,0.29,owner,master,married,0,803,True,6,0.06,2,True,102,3,9506,15121,9067,5,0.44,1,0.07,20,0.081,0.89,0.011,1.14,staff,8 Example St,0
43367,refinance,36,contractor,6.2,20597,8158,0.22,mortgage,phd,widowed,1,589,True,3,0.72,0,False,50,3,4149,10721,3144,3,0.99,3,0.31,17,0.071,0.73,0.054,0.95,staff,199 Example St,0
59116,refinance,30,self-employed,2.6,26959,5412,0.13,mortgage,master,married,3,628,False,8,0.04,0,True,26,0,19894,19872,1901,2,0.9,14,0.3,10,0.062,0.87,0.073,0.96,manager,334 Example St,0
82159,refinance,30,part-time,5.6,12230,6409,0.38,live-with-family,high-school,widowed,1,610,False,3,0.39,1,False,98,1,24710,14750,4418,6,0.34,1,0.35,1,0.048,0.56,0.043,1.09,owner,226 Example St,1
178239,education,36,part-time,8.7,23112,11526,0.15,live-with-family,bachelor,widowed,3,642,True,7,0.74,1,True,47,3,22987,10287,9695,4,0.91,0,0.21,1,0.024,0.74,0.064,0.82,senior staff,404 Example St,1
45689,medical,30,part-time,1.2,29676,4407,0.52,live-with-family,bachelor,married,2,651,True,2,0.02,2,True,96,3,22690,3799,7452,14,0.77,12,0.09,11,0.083,0.85,0.01,1.24,consultant,915 Example St,1
159177,education,24,self-employed,11.3,27873,24070,0.43,owner,high-school,divorced,0,763,False,1,0.11,2,False,85,0,15979,15007,2871,20,0.56,2,0.28,6,0.034,0.67,0.048,1.25,retired,893 Example St,1
74996,refinance,18,contractor,5.3,13760,20500,0.51,mortgage,high-school,single,2,676,False,8,0.5,0,False,96,4,21460,12576,7405,19,0.37,2,0.09,14,0.029,0.7,0.023,1.47,manager,112 Example St,0
49366,refinance,18,self-employed,2.3,11693,21061,0.67,rent,master,widowed,4,567,False,6,0.42,0,False,30,0,4722,10612,8513,20,0.34,10,0.33,10,0.069,0.83,0.047,1.18,team lead,312 Example St,1
100345,education,24,part-time,7.3,14441,5550,0.19,mortgage,phd,married,4,582,False,3,0.97,1,True,36,0,5348,13375,9413,4,0.44,11,0.09,17,0.091,0.83,0.078,0.9,team lead,553 Example St,1
159891,medical,12,full-time,6.1,21364,8763,0.67,mortgage,bachelor,single,4,759,False,5,0.47,2,True,108,4,18486,14098,1840,23,0.48,1,0.07,17,0.032,0.51,0.053,0.95,owner,95 Example St,0
179423,refinance,18,unemployed,7.9,14107,10413,0.11,live-with-family,high-school,widowed,1,751,False,1,0.91,2,False,24,5,18012,15112,6326,11,0.01,11,0.18,14,0.107,0.54,0.061,1.11,consultant,823 Example St,1
62936,refinance,30,retired,13.4,9573,23240,0.46,owner,bachelor,divorced,3,768,False,2,0.93,3,True,6,3,24932,11956,6791,5,0.56,4,0.1,12,0.049,0.75,0.068,1.01,retired,312 Example St,1
141491,education,12,full-time,2.3,14835,24989,0.6,live-with-family,high-school,divorced,3,591,False,4,0.03,2,False,14,4,15854,18744,9266,13,0.87,15,0.49,3,0.057,0.87,0.011,0.98,retired,60 Example St,0
140859,refinance,18,contractor,2.4,13934,15834,0.35,mortgage,high-school,divorced,2,771,True,4,0.77,1,True,82,1,21816,13571,5180,21,0.8,8,0.34,11,0.03,0.79,0.068,0.81,senior staff,289 Example St,0
147113,medical,24,part-time,1.5,10064,20494,0.23,owner,high-school,widowed,3,539,True,3,0.92,3,False,45,5,15880,7555,7240,19,0.52,10,0.09,9,0.023,0.91,0.026,1.4,engineer,705 Example St,0
52858,education,18,full-time,6.4,8660,6547,0.11,live-with-family,phd,single,1,555,True,1,0.47,2,True,14,2,4336,6162,2028,19,0.21,6,0.09,11,0.023,0.57,0.062,0.99,retired,357 Example St,0
151238,refinance,36,part-time,7.6,7239,7247,0.59,rent,bachelor,married,2,587,True,2,0.92,3,False,95,4,10066,17406,1758,5,0.83,12,0.21,16,0.043,0.56,0.079,0.89,manager,533 Example St,0
114699,refinance,24,unemployed,10.8,7695,14751,0.4,live-with-family,master,widowed,4,659,False,4,0.55,2,False,30,0,19586,15040,2937,0,1.0,15,0.34,12,0.064,0.83,0.016,0.9,consultant,712 Example St,1
46665,refinance,18,full-time,5.5,11523,15096,0.22,live-with-family,high-school,married,3,755,False,5,0.76,3,False,66,5,23764,16252,7938,16,0.28,14,0.05,8,0.069,0.62,0.076,0.82,staff,851 Example St,0
197761,education,18,self-employed,9.1,15713,9004,0.28,rent,high-school,widowed,3,603,False,8,0.49,2,False,109,4,21911,3579,517,13,0.88,3,0.19,10,0.105,0.72,0.013,0.92,director,906 Example St,1
148838,medical,18,contractor,10.7,20972,7584,0.44,live-with-family,phd,widowed,4,580,True,7,0.26,3,False,104,2,14501,5012,461,18,0.05,11,0.17,18,0.023,0.95,0.034,0.87,owner,366 Example St,1
34797,refinance,18,part-time,3.5,15226,23416,0.15,rent,master,single,2,586,True,6,0.04,3,False,40,0,19391,3728,5185,12,0.57,10,0.29,15,0.03,0.84,0.034,1.15,owner,171 Example St,1
115245,medical,18,self-employed,9.5,7468,21558,0.23,mortgage,high-school,divorced,4,705,True,2,0.72,0,False,40,0,22560,18573,6997,6,0.35,2,0.33,9,0.07,0.65,0.056,1.02,consultant,412 Example St,0
155100,medical,36,part-time,13.2,25573,20915,0.62,live-with-family,bachelor,widowed,2,826,False,1,0.52,2,False,24,1,8930,12839,7133,13,0.32,2,0.32,13,0.047,0.64,0.021,1.28,intern,416 Example St,0
59311,education,12,part-time,12.0,15175,19209,0.39,live-with-family,phd,single,1,581,False,3,0.03,2,True,88,0,19920,3652,906,2,0.31,9,0.43,13,0.11,0.84,0.072,1.08,engineer,242 Example St,0
151137,education,36,retired,12.4,22211,12251,0.4,rent,bachelor,single,2,668,False,4,0.94,1,True,19,1,11015,11996,7200,13,0.25,1,0.25,11,0.09,0.56,0.048,1.13,intern,987 Example St,0
57987,medical,30,retired,5.5,15098,4690,0.49,rent,high-school,married,2,782,False,5,0.64,2,True,74,1,18496,15729,128,12,0.93,8,0.15,7,0.05,0.93,0.021,1.11,owner,901 Example St,1
188933,medical,12,contractor,13.0,21111,19436,0.54,mortgage,phd,single,1,633,True,6,0.42,2,False,94,0,5707,9020,7264,20,0.14,12,0.1,9,0.051,0.54,0.021,1.16,engineer,868 Example St,1
127561,medical,30,self-employed,13.1,9374,12541,0.2,mortgage,master,married,0,712,False,3,0.39,3,True,8,0,22301,10494,1457,14,0.2,5,0.02,19,0.063,0.63,0.016,1.06,retired,121 Example St,0
157845,medical,30,retired,7.4,12355,10656,0.21,mortgage,master,widowed,3,566,False,4,0.6,2,True,59,1,17386,7782,471,9,0.98,7,0.31,7,0.057,0.84,0.042,0.81,engineer,893 Example St,0
124216,refinance,18,retired,5.8,18870,23568,0.25,rent,high-school,single,2,620,False,6,1.0,0,True,38,4,24304,15482,4956,12,0.67,4,0.48,17,0.024,0.59,0.022,1.14,owner,899 Example St,1
43500,medical,36,self-employed,2.1,8828,14265,0.13,owner,phd,divorced,2,720,False,5,0.61,2,False,61,1,14339,19098,2478,17,0.85,14,0.03,4,0.025,0.59,0.043,0.91,team lead,447 Example St,0
149737,education,30,contractor,14.8,23378,19899,0.37,rent,bachelor,single,2,547,True,5,0.18,1,False,78,5,23191,9959,9560,0,0.53,5,0.21,2,0.045,0.75,0.017,1.03,director,698 Example St,1
51979,medical,24,unemployed,13.9,8475,14601,0.19,rent,phd,widowed,3,821,False,1,0.33,0,False,47,5,22650,7237,3463,1,0.8,9,0.16,1,0.094,0.77,0.052,0.86,director,183 Example St,0
124573,education,12,part-time,2.4,18185,13336,0.49,owner,high-school,divorced,3,721,False,3,0.36,0,False,71,1,20043,17596,6358,15,0.27,13,0.05,13,0.101,0.81,0.04,1.1,staff,526 Example St,0
141510,refinance,18,retired,10.3,10081,20230,0.42,rent,master,widowed,3,540,False,5,0.15,1,False,113,1,21140,17015,4841,18,0.05,2,0.46,16,0.031,0.71,0.017,1.26,retired,833 Example St,0
86810,refinance,12,unemployed,0.2,29265,19167,0.21,owner,phd,single,0,713,False,6,0.59,3,False,85,2,15184,9133,3458,5,0.08,8,0.44,3,0.063,0.51,0.038,0.81,team lead,472 Example St,1
192416,refinance,36,retired,7.3,25266,24209,0.32,live-with-family,master,single,1,569,True,4,0.11,0,True,115,0,10856,18765,2378,20,0.24,6,0.04,14,0.035,0.71,0.018,1.43,team lead,987 Example St,1
25145,medical,36,part-time,3.0,23659,16836,0.13,rent,high-school,widowed,3,753,False,1,0.49,3,False,35,5,5989,3623,6914,18,0.32,2,0.13,20,0.062,0.74,0.045,1.46,owner,460 Example St,1
25454,education,24,retired,2.9,16267,18356,0.24,owner,master,widowed,1,650,False,7,0.83,2,False,108,1,24376,9789,4627,22,0.75,15,0.06,6,0.036,0.75,0.066,1.46,team lead,311 Example St,0
165969,education,12,contractor,13.2,16699,9197,0.2,rent,high-school,divorced,3,558,True,2,0.56,3,False,49,2,5529,11765,2476,22,0.87,3,0.35,14,0.1,0.98,0.063,1.48,retired,625 Example St,1
46704,refinance,12,unemployed,1.6,25641,7868,0.62,mortgage,bachelor,divorced,3,759,False,2,0.15,2,False,110,1,8029,9615,7194,13,0.77,0,0.12,15,0.054,0.75,0.016,1.06,consultant,370 Example St,1
84343,education,36,self-employed,11.8,9521,18051,0.35,live-with-family,phd,divorced,0,726,True,1,0.72,0,True,49,2,17161,8384,7111,1,0.39,1,0.33,20,0.035,0.79,0.078,1.49,senior staff,997 Example St,0
125382,refinance,36,contractor,10.8,15279,15277,0.1,mortgage,bachelor,widowed,3,829,True,8,0.7,3,True,118,2,6761,4211,8805,10,0.39,4,0.26,17,0.048,0.55,0.049,1.16,engineer,24 Example St,0
161540,refinance,24,part-time,12.5,14959,17852,0.69,rent,high-school,divorced,2,821,False,2,0.05,0,False,44,4,4170,17848,5553,7,0.81,7,0.18,9,0.087,0.91,0.05,0.9,consultant,533 Example St,1
47584,medical,36,unemployed,2.9,16838,18886,0.16,live-with-family,phd,single,0,531,False,3,0.48,3,True,53,5,21244,16197,9637,17,0.52,12,0.44,18,0.07,0.71,0.041,1.45,team lead,750 Example St,1
62688,education,36,part-time,7.3,19998,8239,0.68,rent,bachelor,widowed,3,516,True,6,0.92,0,False,20,0,16110,12489,659,16,0.15,11,0.15,11,0.05,0.74,0.065,0.9,retired,432 Example St,0
99996,medical,18,part-time,12.3,21016,4068,0.17,mortgage,high-school,single,3,746,False,8,0.9,3,False,112,5,23847,7351,2269,16,0.64,14,0.33,4,0.107,0.66,0.066,1.27,consultant,397 Example St,0
123650,medical,36,full-time,14.4,19519,13089,0.49,owner,high-school,divorced,4,830,True,2,0.19,0,True,102,3,20470,3611,1970,21,0.94,5,0.48,8,0.099,0.62,0.059,1.42,team lead,87 Example St,1
179083,medical,30,unemployed,0.7,5762,15139,0.36,live-with-family,high-school,divorced,3,631,True,2,0.98,1,False,24,1,12374,5936,2526,9,0.95,5,0.03,10,0.038,0.86,0.031,0.87,engineer,423 Example St,1
87615,medical,12,full-time,3.0,29645,23562,0.45,live-with-family,phd,single,2,531,False,8,0.55,0,False,9,3,24759,10659,305,8,0.55,3,0.12,17,0.085,0.56,0.05,1.11,senior staff,209 Example St,1
57320,medical,36,part-time,11.7,22613,17885,0.68,live-with-family,high-school,single,3,817,False,3,0.0,3,False,82,2,16456,14515,3485,18,0.84,9,0.02,17,0.076,0.65,0.038,0.89,engineer,743 Example St,1
93258,medical,18,unemployed,7.6,15430,15227,0.48,live-with-family,master,married,2,674,True,8,0.96,2,True,94,1,4067,18614,70,0,0.67,13,0.28,15,0.096,0.77,0.065,1.25,manager,552 Example St,0
196059,medical,12,contractor,14.6,17333,23703,0.31,owner,high-school,single,3,689,True,8,0.01,0,False,93,5,15725,9275,1474,19,0.63,7,0.12,15,0.117,0.52,0.044,1.29,retired,215 Example St,0
187362,medical,12,contractor,8.5,21187,9586,0.43,owner,high-school,married,0,565,False,4,0.88,2,True,114,5,4757,11287,9176,14,0.0,13,0.32,20,0.025,0.97,0.04,1.5,director,125 Example St,1
142312,medical,24,unemployed,11.4,28632,11357,0.13,live-with-family,phd,divorced,0,700,True,6,0.08,0,True,94,3,6439,11191,3225,5,0.33,2,0.31,3,0.023,0.72,0.012,1.36,owner,861 Example St,0
48269,medical,18,contractor,12.5,15931,21028,0.58,rent,phd,single,3,796,True,2,0.97,0,False,46,5,6130,7179,1015,14,0.05,13,0.03,1,0.076,0.65,0.037,0.87,consultant,239 Example St,1
192942,refinance,12,self-employed,5.8,19028,24323,0.47,mortgage,high-school,widowed,4,668,True,2,0.1,0,True,79,1,24885,19675,4198,11,0.42,14,0.09,4,0.1,0.53,0.032,1.11,owner,319 Example St,1
161857,education,18,self-employed,4.6,16236,13537,0.32,rent,bachelor,single,1,759,True,7,0.34,1,True,106,0,15191,9204,7794,22,0.69,14,0.3,10,0.105,0.78,0.033,1.01,owner,167 Example St,0
31060,medical,18,full-time,9.6,27715,11545,0.38,owner,bachelor,widowed,2,692,True,7,0.18,0,False,7,0,15727,3983,9088,3,0.14,14,0.1,18,0.111,0.68,0.078,0.94,director,179 Example St,0
88681,refinance,18,contractor,12.7,13059,9850,0.22,owner,master,single,0,846,True,7,0.65,0,False,32,2,18948,10869,6056,11,0.66,13,0.44,2,0.032,0.94,0.019,0.93,senior staff,388 Example St,1
103349,refinance,30,retired,3.7,6513,24186,0.45,mortgage,bachelor,divorced,1,527,False,3,0.85,3,True,99,0,19422,5125,2743,16,0.39,11,0.25,14,0.038,0.86,0.047,1.14,team lead,486 Example St,0
125105,refinance,36,retired,0.5,12193,10651,0.37,owner,phd,married,2,717,False,3,0.94,2,False,76,0,8401,5753,4834,14,0.52,7,0.29,14,0.071,0.67,0.042,1.1,owner,824 Example St,1
91570,medical,12,part-time,6.6,13703,6486,0.32,rent,master,single,2,616,True,2,0.07,0,True,48,1,14788,11192,4959,23,0.82,8,0.1,19,0.12,1.0,0.063,1.32,director,9 Example St,1
93884,medical,30,self-employed,12.3,29831,4389,0.38,owner,phd,married,1,607,False,4,0.52,3,False,49,0,14258,9155,7025,22,0.42,14,0.22,17,0.023,0.57,0.071,1.01,staff,512 Example St,1
112972,medical,18,self-employed,6.4,29662,17217,0.56,mortgage,master,single,4,516,True,3,0.98,2,False,54,1,16800,5087,8757,12,0.19,3,0.16,14,0.084,0.65,0.022,1.27,engineer,33 Example St,1
178168,medical,12,part-time,3.0,17644,13300,0.22,mortgage,high-school,widowed,0,688,True,3,0.33,3,False,26,0,8231,16710,7835,23,0.07,6,0.06,6,0.051,0.91,0.057,0.91,retired,962 Example St,0
73208,refinance,30,contractor,3.0,9675,18605,0.14,live-with-family,bachelor,divorced,4,751,False,8,0.58,0,False,88,3,15363,12746,6407,19,0.82,5,0.21,5,0.11,0.87,0.042,1.44,engineer,716 Example St,1
123167,refinance,12,part-time,13.3,10175,12971,0.63,mortgage,high-school,married,3,710,True,6,0.08,0,False,58,3,9401,11282,3397,16,0.04,0,0.04,14,0.058,0.87,0.07,1.08,staff,257 Example St,0
55777,medical,30,self-employed,6.9,7704,21970,0.49,live-with-family,bachelor,widowed,2,582,True,1,0.61,1,False,21,4,16807,8519,1271,21,0.76,8,0.08,11,0.038,0.86,0.072,1.17,team lead,714 Example St,0
186406,refinance,12,self-employed,10.4,19548,5717,0.46,rent,phd,married,1,691,True,4,0.09,3,True,7,2,10296,5070,3613,3,0.8,5,0.36,1,0.062,0.55,0.033,1.19,intern,640 Example St,0
162004,medical,30,full-time,3.5,8469,15684,0.29,rent,phd,divorced,0,699,True,8,0.22,2,False,11,0,11161,16470,4940,19,0.5,3,0.36,18,0.037,0.98,0.052,1.49,consultant,695 Example St,1
54847,medical,18,retired,11.4,27532,14419,0.69,live-with-family,high-school,divorced,0,811,False,7,0.51,1,True,35,0,24196,7065,5060,7,0.74,7,0.31,1,0.034,0.75,0.024,1.06,staff,244 Example St,1
176781,medical,24,part-time,4.2,26089,5297,0.41,live-with-family,master,single,1,669,False,4,0.21,0,True,108,5,11289,15500,8543,10,0.18,0,0.03,15,0.027,0.6,0.054,0.9,intern,129 Example St,0
175354,refinance,18,part-time,7.6,18967,19305,0.29,owner,bachelor,widowed,1,810,True,5,0.29,3,True,40,3,6621,14782,6524,12,0.17,14,0.21,19,0.093,0.88,0.067,1.36,staff,781 Example St,0
41818,medical,36,unemployed,2.3,28810,9757,0.25,live-with-family,master,widowed,2,692,False,2,0.33,3,True,25,1,4136,3420,8203,23,0.73,15,0.2,13,0.114,0.99,0.036,1.14,retired,73 Example St,1
30178,education,30,unemployed,2.4,30000,18296,0.67,mortgage,phd,divorced,0,833,False,7,0.74,1,False,10,2,24675,3925,2422,8,0.61,4,0.13,19,0.078,0.83,0.021,0.88,manager,660 Example St,1
120754,medical,36,full-time,7.8,11187,17859,0.2,live-with-family,master,divorced,4,772,False,5,0.73,0,True,87,4,15285,7676,4407,23,0.21,12,0.35,0,0.119,0.91,0.01,0.85,consultant,538 Example St,1
95586,refinance,30,part-time,2.6,11107,8401,0.22,owner,high-school,widowed,4,608,True,4,0.06,1,True,39,3,18441,6578,2721,2,0.29,12,0.06,2,0.054,0.79,0.043,1.27,manager,10 Example St,0
21894,refinance,36,full-time,1.5,22115,4237,0.33,mortgage,phd,widowed,2,809,False,6,0.37,2,False,110,1,15836,16057,6200,19,0.06,11,0.44,3,0.02,0.94,0.038,1.38,engineer,27 Example St,1
159101,medical,18,contractor,6.8,27484,19571,0.41,owner,high-school,divorced,0,824,False,1,0.97,2,False,35,4,19877,16112,1333,11,0.43,15,0.49,3,0.093,0.65,0.024,0.9,senior staff,898 Example St,1
152287,education,18,self-employed,12.0,14874,21981,0.69,live-with-family,bachelor,widowed,0,746,True,4,0.21,0,True,61,5,4957,8250,5349,12,0.77,7,0.36,15,0.115,0.84,0.057,1.45,team lead,93 Example St,1
107241,education,36,unemployed,1.0,16246,16353,0.65,live-with-family,phd,married,1,632,True,5,0.09,0,False,100,4,10165,6804,9385,11,0.13,10,0.48,18,0.094,0.66,0.051,0.93,consultant,434 Example St,0
115688,refinance,18,unemployed,10.0,24358,11279,0.16,rent,phd,divorced,1,651,True,8,0.68,1,False,24,5,5125,13490,5060,16,0.99,3,0.14,18,0.068,0.91,0.045,1.29,consultant,61 Example St,1
107331,education,18,retired,14.0,12375,5722,0.65,owner,phd,widowed,2,837,True,1,0.55,2,False,92,3,15413,15824,6407,2,0.53,9,0.14,6,0.09,0.77,0.017,1.03,retired,887 Example St,1
99711,medical,18,unemployed,2.1,27805,19808,0.27,owner,bachelor,married,1,833,True,6,0.73,0,True,54,3,9512,4845,1573,11,0.97,5,0.47,3,0.118,0.83,0.052,1.48,consultant,251 Example St,0
83138,medical,30,contractor,10.3,10652,16300,0.57,rent,phd,widowed,2,823,False,6,0.01,0,True,21,3,20703,10370,377,18,0.57,15,0.14,3,0.099,0.59,0.044,1.25,consultant,306 Example St,1
46067,medical,12,retired,13.6,22613,10058,0.34,rent,phd,widowed,0,765,True,4,0.97,0,True,116,4,9896,3174,9088,14,0.8,3,0.02,18,0.041,0.58,0.049,1.4,staff,87 Example St,1
152683,medical,24,unemployed,2.6,26566,4002,0.25,rent,master,widowed,1,795,False,6,0.52,2,True,94,0,5465,10769,601,6,0.14,6,0.48,19,0.075,0.8,0.029,1.31,consultant,77 Example St,1
88334,medical,18,self-employed,6.8,13328,17937,0.66,owner,bachelor,single,2,824,True,6,0.56,1,False,111,1,14366,17209,6208,0,0.96,7,0.04,3,0.073,0.84,0.038,1.03,manager,372 Example St,1
91631,education,18,contractor,0.1,17358,11281,0.33,rent,high-school,married,4,656,False,2,0.53,2,False,83,0,5571,8595,5210,12,0.18,12,0.24,4,0.046,0.84,0.06,1.26,engineer,388 Example St,1
90089,education,24,retired,11.7,27223,23945,0.35,live-with-family,bachelor,widowed,2,739,False,5,0.95,1,False,87,0,14015,16320,5123,2,0.63,2,0.36,2,0.037,0.53,0.062,1.19,team lead,828 Example St,1
131144,refinance,36,retired,2.0,21312,20875,0.51,rent,phd,single,4,597,True,7,0.7,2,True,100,5,21305,4387,9951,14,0.96,7,0.09,11,0.104,0.76,0.077,1.1,consultant,175 Example St,0
49683,medical,18,unemployed,12.8,8862,13504,0.28,mortgage,master,married,0,823,False,4,0.92,0,False,120,4,19999,4884,5828,0,0.62,10,0.15,3,0.021,0.95,0.023,1.05,manager,442 Example St,1
42215,refinance,36,part-time,6.2,20971,4226,0.19,mortgage,bachelor,widowed,3,691,False,6,0.43,1,False,19,3,18396,8302,2291,11,0.75,0,0.18,6,0.031,0.64,0.019,1.09,owner,923 Example St,0
194641,education,30,retired,14.7,8892,17798,0.39,live-with-family,bachelor,divorced,3,756,False,3,0.11,0,True,22,1,15276,19384,223,21,0.24,10,0.21,19,0.094,0.72,0.03,1.14,consultant,254 Example St,1
154018,education,18,contractor,11.5,13635,12105,0.5,live-with-family,bachelor,widowed,0,757,True,4,0.99,1,True,21,1,17149,4257,4486,6,0.93,13,0.01,6,0.029,0.53,0.039,1.01,intern,228 Example St,0
145618,education,36,self-employed,9.7,14970,7606,0.26,mortgage,master,widowed,1,663,True,3,0.04,0,False,33,2,19468,12180,9937,3,0.43,8,0.47,11,0.053,0.56,0.057,1.28,engineer,340 Example St,0
114734,refinance,36,unemployed,9.1,12807,13042,0.23,live-with-family,high-school,single,1,822,True,1,0.59,1,True,96,3,7232,5453,8955,19,0.34,15,0.49,6,0.073,0.58,0.019,1.09,director,913 Example St,1
166891,medical,24,self-employed,9.4,8847,18290,0.14,live-with-family,high-school,married,4,640,True,5,0.05,0,True,100,3,20221,19825,1228,5,0.44,12,0.28,12,0.06,0.64,0.023,0.91,intern,607 Example St,1
154426,medical,36,retired,10.8,13481,13942,0.61,mortgage,master,single,1,614,True,4,0.29,1,False,23,2,5688,11159,3440,17,0.12,11,0.32,11,0.052,0.97,0.072,0.98,engineer,419 Example St,1
97305,medical,12,retired,12.2,16648,11185,0.54,mortgage,bachelor,divorced,0,775,True,7,0.95,2,True,110,3,11229,13625,4403,6,0.58,12,0.08,7,0.093,0.72,0.02,1.14,team lead,186 Example St,1
66166,education,36,self-employed,14.2,10911,13242,0.11,owner,bachelor,widowed,4,596,True,3,0.07,1,False,88,3,7284,7498,193,19,0.1,12,0.01,0,0.096,0.82,0.013,0.97,manager,275 Example St,0
184465,refinance,12,full-time,14.4,8484,21772,0.54,mortgage,high-school,married,1,745,False,3,0.31,3,True,37,0,21810,11764,8906,3,0.02,1,0.05,9,0.03,0.94,0.039,0.8,intern,25 Example St,0
121025,education,24,retired,4.3,27426,16607,0.51,rent,phd,married,0,614,True,5,0.36,2,True,52,0,5420,7951,2917,13,0.53,5,0.34,4,0.109,0.84,0.054,1.0,manager,278 Example St,1
193468,medical,24,retired,12.0,5071,8870,0.57,owner,master,married,3,728,False,2,0.11,3,False,24,0,14585,7179,2979,12,0.35,15,0.21,13,0.08,0.82,0.02,1.46,intern,393 Example St,1
150312,refinance,36,self-employed,8.0,12540,16603,0.15,live-with-family,bachelor,single,1,685,True,4,0.99,0,False,77,3,8377,6609,976,11,0.36,4,0.15,4,0.104,0.78,0.075,1.09,intern,848 Example St,0
56123,education,18,self-employed,11.0,27810,17916,0.32,rent,high-school,widowed,4,580,True,3,0.37,0,True,15,0,22650,16647,2452,5,0.47,4,0.37,9,0.067,0.86,0.041,1.25,staff,294 Example St,0
35728,refinance,12,unemployed,11.3,21491,9254,0.11,live-with-family,phd,divorced,4,756,False,4,0.42,1,False,17,4,16371,7100,3471,12,0.62,7,0.2,17,0.081,0.54,0.058,1.13,consultant,848 Example St,0
34331,medical,30,part-time,4.0,8420,6549,0.32,mortgage,high-school,married,2,583,True,2,0.21,0,False,30,4,10610,4060,3937,8,0.09,1,0.28,15,0.025,0.66,0.076,0.81,owner,770 Example St,0
124369,refinance,18,contractor,11.3,28779,15660,0.68,rent,master,widowed,4,551,True,1,0.59,3,False,81,0,13506,8282,2482,21,0.46,2,0.48,7,0.108,0.9,0.056,1.34,engineer,987 Example St,1
179577,refinance,36,contractor,6.7,9299,15109,0.27,live-with-family,high-school,widowed,1,606,True,3,0.57,3,True,109,0,8673,13143,8964,2,0.5,14,0.16,9,0.036,0.64,0.035,0.86,engineer,728 Example St,1
87618,medical,24,self-employed,9.8,9602,8062,0.68,live-with-family,high-school,divorced,2,705,False,3,0.44,2,False,16,5,17539,19578,7374,8,0.88,1,0.31,20,0.026,0.9,0.059,1.19,engineer,874 Example St,0
118519,education,36,self-employed,12.8,12308,16721,0.62,rent,master,widowed,3,828,False,2,0.09,0,False,104,3,10536,16157,5385,2,0.32,15,0.11,15,0.031,0.73,0.048,1.46,engineer,656 Example St,0
168951,education,36,self-employed,0.9,16845,18093,0.69,owner,high-school,married,0,850,False,5,0.25,1,True,24,0,12975,16273,1338,9,0.87,14,0.44,16,0.041,0.95,0.023,0.84,consultant,351 Example St,1
97831,education,18,contractor,14.1,20781,19581,0.42,owner,phd,divorced,4,699,True,4,0.08,1,False,91,5,14371,3464,2465,14,0.93,15,0.43,3,0.099,0.84,0.028,1.31,team lead,966 Example St,1
52956,refinance,30,retired,14.5,8193,5195,0.23,owner,phd,married,4,693,True,6,0.21,1,True,53,2,4530,12894,5029,16,0.82,3,0.35,20,0.12,0.71,0.035,1.38,consultant,536 Example St,1
108034,education,18,self-employed,6.4,10796,22112,0.46,live-with-family,phd,divorced,3,824,False,2,1.0,0,True,89,0,24193,16476,1698,15,0.75,3,0.32,16,0.078,0.52,0.03,1.09,intern,796 Example St,1
119897,education,18,self-employed,14.3,16488,19202,0.35,live-with-family,high-school,divorced,1,759,False,5,0.88,2,False,113,3,11915,3136,6792,1,0.02,4,0.4,16,0.102,0.8,0.033,1.47,consultant,248 Example St,1
122593,education,36,retired,5.9,6690,22935,0.36,live-with-family,bachelor,widowed,2,764,True,7,0.23,1,True,86,4,16845,11527,9058,5,0.95,6,0.05,0,0.064,0.81,0.052,0.82,senior staff,943 Example St,1
169892,medical,12,retired,11.0,19867,24790,0.48,mortgage,bachelor,married,1,652,True,4,0.73,3,False,90,0,13010,5718,2355,20,0.02,3,0.06,19,0.032,0.57,0.028,0.93,manager,507 Example St,1
74518,medical,12,self-employed,11.9,18557,6410,0.39,rent,bachelor,widowed,3,660,False,3,0.18,0,True,90,4,24683,4030,1920,10,0.99,15,0.5,19,0.075,0.58,0.062,1.45,intern,621 Example St,0
26039,refinance,36,part-time,3.2,16956,7761,0.64,rent,master,married,1,542,True,5,0.27,1,True,50,5,22071,12644,7652,23,0.81,13,0.26,12,0.112,0.63,0.024,1.39,director,985 Example St,0
172999,refinance,24,part-time,11.9,28660,19985,0.36,live-with-family,phd,divorced,2,818,True,7,0.43,2,False,120,5,6105,17726,2740,1,0.96,8,0.29,9,0.08,0.94,0.077,1.17,consultant,31 Example St,0
104588,medical,18,contractor,3.7,12051,16178,0.32,mortgage,high-school,single,2,505,False,4,0.47,2,True,77,0,16635,12293,9859,6,0.53,3,0.28,19,0.115,0.9,0.057,1.2,consultant,699 Example St,1
103304,medical,18,part-time,0.7,21185,20339,0.13,mortgage,phd,single,0,731,True,6,0.59,1,True,42,0,22866,3152,7565,9,0.13,12,0.02,17,0.112,0.52,0.055,0.85,manager,850 Example St,1
98904,medical,24,contractor,6.0,23233,14262,0.4,rent,phd,divorced,3,752,True,6,0.94,0,True,34,0,4340,7546,1722,10,0.86,13,0.11,2,0.039,0.95,0.036,1.43,staff,957 Example St,1
33760,medical,12,full-time,0.7,14970,6458,0.26,live-with-family,master,married,1,798,False,2,0.13,1,False,87,3,8009,10881,9468,15,0.66,8,0.16,15,0.043,0.63,0.031,0.86,senior staff,856 Example St,1
192878,refinance,18,retired,1.2,21207,5974,0.23,owner,phd,widowed,1,749,True,6,0.21,2,False,96,3,9046,19531,1731,4,0.22,11,0.19,14,0.107,0.76,0.065,0.93,director,434 Example St,0
100516,refinance,12,part-time,6.9,8511,7611,0.24,live-with-family,bachelor,divorced,0,743,False,6,0.27,0,False,61,1,8935,16006,8227,13,0.51,1,0.22,11,0.03,0.82,0.061,1.1,director,194 Example St,1
175726,medical,36,unemployed,7.4,19207,7577,0.51,owner,high-school,married,0,527,True,5,0.24,0,False,34,4,17256,15842,6437,3,0.22,8,0.25,5,0.099,0.67,0.03,1.22,staff,97 Example St,0
183084,medical,24,retired,3.6,15325,6275,0.2,mortgage,phd,married,0,841,False,7,0.33,1,False,118,0,9594,3318,9732,11,0.97,0,0.24,7,0.067,0.52,0.011,1.28,director,856 Example St,0
151896,education,18,full-time,1.5,29123,14999,0.37,mortgage,master,widowed,2,686,False,1,0.83,2,False,120,4,23521,18871,1847,8,0.69,0,0.07,13,0.106,0.83,0.02,1.15,intern,592 Example St,1
132910,medical,18,retired,1.3,17379,24930,0.16,mortgage,phd,married,2,847,False,6,0.39,3,False,45,1,5346,14248,2014,13,0.8,11,0.14,0,0.07,0.84,0.043,0.91,director,639 Example St,1
62626,medical,30,contractor,1.0,14657,4510,0.37,owner,master,single,0,750,False,1,0.43,0,True,38,1,15475,12282,8224,21,0.96,4,0.48,8,0.034,0.87,0.04,1.44,director,225 Example St,0
112964,education,30,self-employed,6.0,8215,12560,0.65,mortgage,bachelor,widowed,2,796,True,4,0.25,3,True,44,2,6804,12743,9284,20,0.46,5,0.19,13,0.03,0.76,0.059,1.15,owner,480 Example St,0
142303,medical,30,self-employed,0.4,23314,4865,0.67,live-with-family,high-school,married,4,654,True,6,0.13,2,True,102,3,8126,16203,97,14,0.81,14,0.42,2,0.025,0.91,0.055,1.03,manager,842 Example St,0
146213,refinance,24,full-time,1.8,24156,20738,0.54,rent,bachelor,married,4,753,True,4,0.9,1,False,86,2,4211,18891,3288,3,0.07,4,0.3,3,0.072,0.62,0.017,0.82,senior staff,455 Example St,0
51932,medical,30,self-employed,14.7,12698,21914,0.26,live-with-family,high-school,widowed,1,825,True,3,0.14,1,True,71,5,21913,9565,7801,15,0.29,3,0.48,15,0.057,0.64,0.037,1.36,team lead,427 Example St,1
58840,education,24,self-employed,1.8,17760,4361,0.45,rent,phd,single,2,571,False,8,0.28,1,False,70,4,10906,14430,8602,12,0.51,5,0.33,11,0.086,0.78,0.042,1.4,engineer,286 Example St,1
192607,medical,30,full-time,13.7,26139,19851,0.33,live-with-family,bachelor,divorced,1,665,False,7,0.07,0,True,35,0,7480,19365,7805,10,0.76,7,0.05,5,0.093,0.69,0.078,1.45,staff,627 Example St,0
29808,refinance,12,self-employed,11.5,24874,24686,0.6,owner,master,single,3,693,True,4,0.2,3,False,92,2,11389,9592,2655,13,0.81,6,0.04,0,0.083,0.83,0.024,1.37,staff,369 Example St,1
168975,refinance,12,contractor,2.8,28919,21306,0.4,owner,phd,divorced,2,816,True,2,0.44,3,True,78,0,8167,19949,4886,3,0.12,7,0.03,17,0.053,0.61,0.076,1.45,director,400 Example St,1
37813,education,24,full-time,8.0,12910,20965,0.66,mortgage,phd,single,4,556,False,5,0.65,0,False,59,2,10570,13962,973,4,0.2,10,0.46,1,0.044,0.54,0.076,1.43,staff,355 Example St,1
129114,refinance,36,full-time,13.3,20688,8242,0.26,rent,high-school,single,3,759,True,6,0.43,2,True,8,0,4863,9428,8752,19,0.86,0,0.28,1,0.059,0.69,0.019,1.29,senior staff,142 Example St,0
50931,refinance,24,contractor,2.9,19304,5898,0.24,rent,high-school,married,3,774,True,1,0.87,1,True,15,0,8152,17370,2958,9,0.04,11,0.3,7,0.12,0.56,0.038,1.26,manager,79 Example St,0
162513,education,30,retired,11.0,16696,11218,0.37,mortgage,master,divorced,1,769,False,6,0.7,0,True,50,3,24377,18932,4583,2,0.2,4,0.42,16,0.043,0.87,0.025,1.06,engineer,37 Example St,1
135416,refinance,30,full-time,0.3,6106,12857,0.27,live-with-family,master,single,0,642,False,8,0.02,3,False,62,0,11354,9741,6214,5,0.66,1,0.33,1,0.074,0.67,0.012,1.23,owner,945 Example St,1
88821,refinance,18,full-time,5.1,25366,18223,0.62,rent,high-school,widowed,2,773,False,7,0.57,2,True,54,3,11806,7321,248,8,0.8,8,0.04,7,0.097,0.65,0.05,0.83,director,371 Example St,0
85670,refinance,36,full-time,1.9,23626,14518,0.6,owner,phd,widowed,0,725,True,8,0.04,2,False,87,4,11138,16389,959,18,0.94,8,0.45,17,0.051,0.53,0.023,1.34,director,266 Example St,1
53350,education,18,part-time,13.1,26495,5624,0.24,rent,bachelor,widowed,4,662,True,4,0.06,2,False,8,5,15578,4465,9839,7,0.35,2,0.25,3,0.071,0.62,0.033,1.06,consultant,74 Example St,1
94208,education,12,contractor,9.1,16805,14976,0.69,mortgage,phd,divorced,4,515,True,6,0.04,1,True,19,4,10929,13259,8368,22,0.78,11,0.47,12,0.103,0.52,0.061,1.07,manager,979 Example St,0
78872,refinance,36,unemployed,9.5,29050,17699,0.42,rent,high-school,widowed,4,766,False,6,0.27,2,True,48,1,15860,10565,7468,10,0.75,3,0.35,14,0.093,0.94,0.035,1.05,senior staff,79 Example St,1
191266,medical,36,part-time,6.7,18724,11528,0.44,owner,bachelor,widowed,4,840,True,5,0.8,2,False,21,0,17385,16796,8274,4,0.58,6,0.45,14,0.022,0.56,0.028,1.19,team lead,761 Example St,0
28932,medical,12,retired,2.5,7392,8337,0.41,live-with-family,phd,divorced,1,705,True,5,0.12,2,True,98,0,6416,14631,7354,13,0.63,13,0.14,15,0.09,0.87,0.061,1.21,senior staff,86 Example St,0
22040,refinance,36,contractor,10.1,19861,16431,0.29,owner,master,single,1,652,False,6,0.05,3,False,47,3,14439,8846,2346,1,0.81,6,0.22,8,0.078,0.81,0.017,1.0,manager,295 Example St,0
135059,education,18,contractor,14.1,13500,23862,0.55,owner,master,married,0,605,True,1,0.6,0,True,6,3,4844,15109,3328,9,0.94,13,0.37,16,0.033,0.73,0.074,1.3,manager,456 Example St,1
149303,medical,12,part-time,14.9,28974,7816,0.68,rent,bachelor,single,2,580,False,5,0.45,0,False,120,0,18200,6291,8540,10,0.19,1,0.47,20,0.021,0.57,0.036,1.46,intern,272 Example St,1
147010,education,30,contractor,2.0,25800,6906,0.67,owner,high-school,widowed,0,751,True,3,0.04,2,False,86,4,11691,14426,7933,16,0.66,5,0.44,7,0.108,0.83,0.044,1.24,retired,366 Example St,1
97441,education,18,full-time,14.4,29738,13413,0.35,live-with-family,master,married,3,559,True,8,0.96,0,False,95,3,8196,18851,8014,19,0.41,7,0.01,8,0.071,0.94,0.065,0.84,owner,268 Example St,1
127801,medical,30,self-employed,6.0,6790,12792,0.39,owner,master,single,2,729,False,4,0.57,1,True,105,5,7614,13803,2117,19,0.54,0,0.4,2,0.098,0.67,0.035,1.34,manager,671 Example St,0
75171,medical,36,part-time,14.8,22553,16960,0.62,owner,master,married,2,669,False,4,0.55,1,True,10,0,21254,6359,8216,12,0.79,1,0.08,9,0.022,0.82,0.058,0.82,manager,833 Example St,1
191776,medical,18,retired,13.1,7782,6507,0.14,live-with-family,high-school,single,4,809,True,2,0.74,3,True,112,4,14229,13607,6965,16,0.74,9,0.14,6,0.03,0.98,0.05,1.06,consultant,96 Example St,0
126517,refinance,24,self-employed,4.3,28031,21472,0.4,live-with-family,high-school,widowed,3,690,True,8,0.22,0,False,104,1,18650,15118,7811,18,0.11,9,0.17,20,0.118,0.55,0.022,1.41,team lead,608 Example St,0
57048,medical,36,self-employed,7.9,23567,11616,0.14,live-with-family,master,widowed,2,672,True,1,0.32,3,True,40,5,10855,19014,8938,15,0.31,7,0.16,15,0.071,0.93,0.079,0.86,manager,436 Example St,1
118483,education,12,part-time,7.8,8980,9445,0.22,rent,high-school,widowed,3,587,False,3,0.75,3,False,7,2,7852,17269,4820,23,0.92,8,0.26,19,0.109,0.78,0.022,1.0,intern,823 Example St,1
117321,refinance,36,contractor,7.1,11901,14819,0.66,owner,bachelor,widowed,0,662,False,3,0.15,0,True,45,5,10149,9529,1537,17,0.46,3,0.03,14,0.079,0.53,0.055,1.42,owner,644 Example St,0
70499,medical,24,self-employed,8.8,15018,16034,0.47,live-with-family,master,married,0,803,True,2,0.73,2,True,39,4,7352,7151,8557,18,0.64,12,0.17,18,0.08,0.98,0.062,1.23,team lead,215 Example St,0
80773,education,12,unemployed,2.2,10400,19580,0.62,mortgage,high-school,single,1,761,False,7,0.66,2,False,70,0,11889,15885,6181,12,0.71,11,0.16,16,0.052,0.54,0.052,0.95,engineer,969 Example St,1
92807,refinance,18,self-employed,8.4,21059,12209,0.51,live-with-family,master,married,0,687,False,6,0.73,1,True,54,2,9865,3349,3208,14,0.36,6,0.0,9,0.053,0.96,0.074,1.15,staff,622 Example St,0
189664,medical,30,self-employed,0.7,27790,12291,0.26,rent,high-school,widowed,4,823,False,8,0.17,0,True,53,0,24084,8019,2898,4,0.08,3,0.03,20,0.091,0.66,0.07,0.99,intern,671 Example St,1
24371,medical,24,retired,2.5,24229,16001,0.41,live-with-family,phd,single,0,598,True,5,0.08,3,True,41,4,10510,19563,6705,5,0.64,0,0.16,17,0.055,0.67,0.05,1.29,retired,953 Example St,1
50477,education,18,retired,1.3,15403,23370,0.48,rent,bachelor,single,1,826,False,8,0.08,1,False,113,5,10261,7349,5087,1,0.38,9,0.09,4,0.077,0.71,0.068,0.99,intern,182 Example St,1
87988,refinance,30,contractor,1.4,16637,22962,0.32,live-with-family,bachelor,single,4,697,True,4,0.99,3,False,88,5,13459,9797,5606,22,0.97,8,0.05,6,0.046,0.73,0.012,0.88,engineer,487 Example St,0
173831,medical,24,unemployed,5.7,24280,5109,0.29,rent,master,single,1,715,False,6,0.34,0,True,51,2,9332,18297,8958,5,0.75,14,0.4,14,0.079,0.85,0.061,1.13,intern,259 Example St,1
177533,medical,30,retired,6.0,6314,11677,0.56,rent,phd,widowed,2,795,False,1,0.16,1,False,119,4,21173,9503,9305,4,0.13,10,0.39,1,0.117,0.65,0.064,1.36,team lead,406 Example St,0
20221,refinance,18,part-time,13.2,14872,14077,0.15,owner,bachelor,widowed,0,625,True,6,0.0,1,False,18,3,22016,15912,3481,15,0.67,14,0.35,3,0.059,0.66,0.075,1.08,owner,920 Example St,0
196881,refinance,30,unemployed,5.9,7348,15366,0.39,rent,bachelor,married,1,688,False,6,0.5,0,False,15,5,11539,7524,8191,6,0.04,9,0.22,10,0.058,0.59,0.021,1.02,team lead,36 Example St,0
130555,education,18,self-employed,10.2,8487,19234,0.58,mortgage,high-school,widowed,0,582,False,3,0.57,3,False,7,3,17163,16843,893,9,0.42,3,0.3,14,0.07,0.89,0.06,1.39,owner,115 Example St,1
131166,refinance,30,retired,1.2,5227,15046,0.67,mortgage,bachelor,widowed,3,524,False,5,0.04,3,False,52,0,23638,15101,4134,13,0.34,9,0.38,0,0.074,0.59,0.035,0.81,owner,305 Example St,1
176179,education,24,retired,0.5,29205,16983,0.25,rent,high-school,married,1,824,False,7,0.89,2,False,94,4,11998,18021,665,2,0.33,1,0.07,20,0.101,0.55,0.046,1.31,owner,950 Example St,1
99163,medical,30,full-time,2.8,29470,12416,0.53,rent,phd,single,1,792,False,5,0.62,1,True,53,4,19496,10051,7158,8,0.75,5,0.14,1,0.08,0.95,0.057,0.99,consultant,213 Example St,0
128612,refinance,18,contractor,4.0,24630,24802,0.29,owner,bachelor,single,2,613,True,5,0.73,3,False,87,4,14772,15748,7792,17,0.01,10,0.16,14,0.035,0.93,0.045,1.17,engineer,690 Example St,0
125627,education,36,full-time,9.5,23393,15314,0.15,mortgage,master,divorced,2,731,False,1,0.16,1,False,78,3,17611,3767,4651,17,0.74,7,0.19,17,0.033,0.8,0.069,0.87,intern,217 Example St,1
169617,medical,18,part-time,11.5,29066,17143,0.43,mortgage,bachelor,widowed,4,642,False,6,0.63,2,False,34,3,20214,18201,4690,14,0.16,5,0.2,0,0.073,0.67,0.042,0.92,manager,393 Example St,1
129602,medical,30,part-time,9.5,25279,11346,0.18,rent,phd,single,2,812,True,3,0.57,3,True,53,0,23704,15757,9044,16,0.86,5,0.23,7,0.038,0.97,0.074,1.03,director,67 Example St,1
74265,refinance,30,self-employed,3.7,24767,18537,0.69,owner,phd,single,4,669,True,4,0.46,0,True,101,0,17315,18407,6313,2,0.78,8,0.44,17,0.032,0.89,0.055,1.17,staff,450 Example St,1
35672,medical,30,retired,11.5,16907,17088,0.53,live-with-family,phd,single,0,574,False,2,0.72,2,False,90,2,8651,10964,7906,6,0.26,10,0.32,2,0.066,0.85,0.063,1.33,owner,303 Example St,1
106680,medical,24,unemployed,4.1,6171,8588,0.19,mortgage,high-school,married,2,788,False,5,0.31,1,False,66,5,18413,12662,2530,23,0.81,4,0.07,9,0.106,0.63,0.026,1.4,retired,311 Example St,0
23163,medical,24,retired,7.6,21935,17298,0.39,owner,master,married,4,756,False,6,0.38,3,True,117,4,19795,8747,7929,12,0.01,2,0.17,9,0.041,0.58,0.053,1.31,manager,666 Example St,0
150754,medical,36,retired,13.6,29453,21174,0.64,owner,master,single,3,820,True,6,0.51,2,True,108,0,18635,11125,4009,8,0.8,5,0.34,20,0.106,0.61,0.06,0.92,retired,273 Example St,1
43949,refinance,18,retired,12.5,7086,8343,0.41,rent,bachelor,married,1,799,False,8,0.1,0,False,107,5,6393,9436,7836,3,0.44,15,0.1,17,0.079,0.8,0.031,0.81,consultant,882 Example St,1
136035,refinance,18,unemployed,12.1,25133,18950,0.7,mortgage,phd,divorced,3,823,True,6,0.51,2,False,39,4,12159,14178,4510,21,0.56,9,0.31,3,0.118,0.97,0.044,1.02,senior staff,482 Example St,1
66870,education,30,retired,4.6,19522,15220,0.48,owner,bachelor,single,1,609,False,5,0.32,3,True,93,2,23972,9890,9355,21,0.15,5,0.1,12,0.099,0.93,0.053,0.91,senior staff,486 Example St,1
129290,refinance,24,part-time,14.0,20465,13948,0.32,mortgage,master,divorced,2,730,False,7,0.56,3,True,103,3,5812,16395,5793,20,0.81,14,0.38,0,0.102,0.6,0.056,0.98,owner,25 Example St,0
120245,medical,36,unemployed,11.1,12044,24236,0.4,mortgage,high-school,single,1,582,False,8,0.94,3,True,105,5,16781,18959,4093,8,0.99,12,0.03,1,0.084,0.64,0.036,1.45,manager,484 Example St,0
39395,medical,30,part-time,13.1,24326,13792,0.44,rent,phd,married,2,793,False,5,0.69,1,True,117,5,14287,14836,7304,23,0.88,5,0.16,7,0.066,0.67,0.057,1.29,director,619 Example St,1
26065,education,12,retired,6.2,17986,19936,0.58,rent,master,single,4,723,True,6,0.79,3,False,79,2,24787,5199,1237,18,0.09,3,0.27,16,0.105,0.54,0.075,1.23,intern,770 Example St,0
199294,medical,24,self-employed,6.8,29213,8987,0.49,rent,bachelor,divorced,3,770,False,1,0.4,2,True,85,3,4618,3279,3690,10,0.43,8,0.43,18,0.087,0.66,0.042,1.27,retired,948 Example St,0
171219,education,18,part-time,3.1,10950,7306,0.12,rent,bachelor,divorced,0,667,False,4,0.66,1,False,26,3,12882,10634,3559,11,0.03,14,0.06,12,0.023,0.93,0.07,0.95,staff,458 Example St,1
72071,education,30,unemployed,12.2,8042,9737,0.4,rent,bachelor,married,0,750,False,6,0.42,1,True,108,4,15791,18662,4182,16,0.11,14,0.01,12,0.1,0.7,0.07,1.05,director,857 Example St,0
190918,medical,18,retired,1.3,26088,16769,0.63,rent,master,divorced,0,572,True,3,0.56,1,True,23,5,19394,4277,1002,19,0.8,9,0.19,13,0.102,0.71,0.022,1.16,engineer,760 Example St,1
195287,education,24,full-time,11.8,5982,20303,0.22,live-with-family,master,divorced,4,664,True,1,0.33,3,True,100,1,17358,4523,8838,12,0.76,5,0.08,0,0.055,0.61,0.039,0.85,team lead,476 Example St,1
160699,medical,18,unemployed,12.1,5023,14204,0.39,mortgage,bachelor,divorced,4,687,True,8,0.49,1,True,34,4,8253,7672,3695,21,0.08,3,0.36,9,0.109,0.55,0.026,0.93,director,337 Example St,1
141149,refinance,36,unemployed,7.8,13740,8315,0.3,mortgage,bachelor,single,3,823,True,4,0.98,0,True,87,0,11793,8304,6500,10,0.01,15,0.24,11,0.039,0.93,0.078,1.08,intern,465 Example St,1
163099,medical,12,retired,4.2,21858,15054,0.3,owner,master,divorced,3,781,False,2,0.67,2,False,14,2,17976,3832,8901,4,0.09,14,0.42,3,0.075,0.65,0.071,1.01,consultant,567 Example St,1
41749,refinance,18,self-employed,12.3,21741,10385,0.19,owner,high-school,married,2,769,True,1,0.8,2,True,94,4,9464,15270,2600,3,0.68,7,0.42,4,0.074,0.98,0.04,0.94,staff,983 Example St,1
125086,medical,30,unemployed,14.6,20615,19335,0.29,mortgage,high-school,single,2,784,False,4,0.92,0,True,102,3,8597,7711,7879,5,0.76,7,0.2,5,0.085,0.7,0.024,1.38,manager,232 Example St,1
92408,education,30,full-time,10.9,24199,8975,0.22,owner,master,divorced,0,826,True,5,0.52,3,True,90,3,13791,7091,8867,23,0.61,4,0.04,10,0.108,0.97,0.013,1.39,director,116 Example St,1
131649,refinance,18,retired,10.4,20967,13538,0.23,rent,high-school,divorced,1,840,False,7,0.42,0,False,113,5,13039,11246,8320,10,0.42,8,0.49,2,0.021,0.86,0.044,1.21,intern,606 Example St,1
89665,education,30,unemployed,9.1,23534,16314,0.46,live-with-family,high-school,single,4,829,True,2,0.12,1,False,80,5,23785,16822,6451,22,0.74,11,0.32,14,0.105,0.79,0.047,1.46,consultant,686 Example St,1
76633,refinance,18,full-time,9.5,15779,7237,0.28,live-with-family,high-school,widowed,2,683,False,6,0.97,1,False,63,0,14633,18014,4311,5,0.21,10,0.37,11,0.098,0.59,0.045,0.86,owner,632 Example St,1
79656,medical,24,full-time,13.7,7963,24953,0.34,live-with-family,bachelor,widowed,1,635,False,6,0.34,3,False,102,1,9522,13576,260,3,0.19,9,0.45,20,0.076,0.88,0.048,1.08,manager,204 Example St,0
176754,refinance,30,contractor,2.2,16146,21459,0.31,owner,phd,single,2,814,True,6,1.0,3,True,37,4,9079,11971,431,15,0.22,7,0.12,7,0.064,0.91,0.02,1.01,staff,879 Example St,1
135068,medical,36,unemployed,15.0,11299,17511,0.21,live-with-family,phd,divorced,2,634,False,6,0.36,1,False,75,2,6524,7407,5270,22,0.25,4,0.05,16,0.091,0.77,0.017,1.38,intern,738 Example St,0
189073,refinance,18,self-employed,4.0,6743,19081,0.47,live-with-family,phd,single,1,511,False,1,0.9,3,True,14,5,15613,5143,4523,18,0.25,0,0.36,15,0.063,0.88,0.019,1.08,team lead,318 Example St,1
196860,medical,24,part-time,8.5,21644,17341,0.19,mortgage,high-school,single,2,800,True,2,0.61,3,True,99,1,12152,8876,2969,0,0.65,15,0.36,10,0.029,0.97,0.05,1.46,consultant,825 Example St,1
144363,education,24,part-time,1.4,16637,9813,0.52,mortgage,phd,single,1,633,False,4,0.23,0,False,63,0,21166,11446,334,19,0.06,1,0.34,3,0.037,0.98,0.047,0.8,consultant,314 Example St,0
168918,refinance,24,full-time,14.3,11176,24856,0.47,owner,bachelor,divorced,0,849,True,6,0.57,3,True,70,1,18585,3994,635,17,0.89,3,0.4,9,0.114,0.55,0.058,1.21,engineer,922 Example St,0
70635,refinance,18,unemployed,13.8,19898,21956,0.6,live-with-family,high-school,single,2,626,False,3,0.24,3,True,107,3,5362,14741,960,15,0.81,3,0.42,2,0.086,0.66,0.047,1.2,senior staff,535 Example St,0
163230,refinance,18,contractor,4.8,19676,10489,0.28,live-with-family,phd,widowed,3,542,False,1,0.49,2,False,84,3,14023,19305,4705,21,0.7,1,0.09,2,0.051,0.79,0.073,1.18,owner,757 Example St,0
27330,education,24,self-employed,2.8,22621,5718,0.59,live-with-family,bachelor,divorced,0,609,True,8,0.95,1,False,15,5,10671,19229,3387,18,0.64,0,0.02,12,0.041,0.84,0.075,0.8,intern,676 Example St,1
106704,education,30,part-time,5.6,18171,5466,0.19,owner,master,widowed,4,820,False,4,0.94,2,False,94,0,17627,16554,6178,8,0.84,6,0.41,15,0.045,0.51,0.058,0.83,team lead,132 Example St,1
78451,education,12,full-time,2.4,21008,6179,0.21,mortgage,bachelor,divorced,3,645,False,5,0.86,2,True,103,0,16940,9623,1417,17,0.85,6,0.06,1,0.067,0.55,0.026,1.38,engineer,86 Example St,1
37668,education,30,unemployed,5.6,29194,8677,0.37,rent,bachelor,married,2,522,True,3,0.34,2,True,50,3,10574,4849,6411,12,0.15,9,0.25,7,0.038,0.6,0.056,1.11,team lead,72 Example St,1
177721,refinance,24,unemployed,2.4,22928,14405,0.13,rent,phd,single,4,586,False,6,0.04,0,True,6,3,4112,4914,6349,18,0.12,7,0.38,1,0.076,0.54,0.055,1.44,retired,661 Example St,0
199728,refinance,30,self-employed,13.7,12787,20074,0.47,mortgage,phd,widowed,1,732,False,4,0.14,1,False,38,1,16061,3686,7073,9,0.14,14,0.21,17,0.105,0.99,0.019,1.24,intern,965 Example St,1
129504,medical,30,self-employed,14.3,20188,15913,0.3,live-with-family,bachelor,married,1,611,True,4,0.95,2,False,76,3,16281,13056,3498,12,0.14,3,0.27,14,0.05,0.92,0.064,1.24,staff,205 Example St,0
164623,education,30,unemployed,6.5,19515,4781,0.52,live-with-family,bachelor,divorced,4,579,False,4,0.15,2,False,37,5,8278,18947,5180,19,0.93,1,0.34,2,0.029,0.5,0.07,0.84,manager,321 Example St,1
113505,education,18,part-time,4.6,7163,15892,0.47,mortgage,phd,widowed,2,589,False,5,0.1,1,True,26,3,7881,16424,2593,17,0.55,15,0.35,8,0.089,0.95,0.078,1.26,engineer,932 Example St,1
30322,education,30,self-employed,5.7,10585,4653,0.45,mortgage,phd,married,3,510,False,6,0.89,0,False,14,1,8421,12833,6449,4,0.11,6,0.48,10,0.049,0.9,0.065,1.05,team lead,17 Example St,1
174749,medical,18,contractor,12.8,11292,20823,0.27,rent,phd,divorced,1,526,True,5,0.26,3,False,11,2,19010,5629,5454,17,0.03,0,0.37,0,0.05,0.6,0.043,1.07,director,714 Example St,0
116152,refinance,30,self-employed,10.6,9336,15345,0.53,owner,phd,divorced,2,542,False,2,0.81,2,True,8,1,7507,10961,1219,5,0.37,4,0.29,7,0.098,0.93,0.011,0.81,owner,892 Example St,1
38450,education,36,retired,14.5,20098,24676,0.62,rent,high-school,single,1,602,True,3,0.09,0,True,61,5,11637,9888,819,22,0.08,10,0.31,6,0.068,0.6,0.079,1.22,engineer,481 Example St,0
197251,refinance,12,self-employed,2.8,5206,6606,0.21,owner,master,married,4,794,True,2,0.7,0,True,29,2,11461,8322,6466,20,0.84,9,0.3,16,0.084,0.61,0.028,1.04,intern,544 Example St,0
199183,medical,24,part-time,1.0,7057,20184,0.31,rent,phd,single,3,506,True,6,0.59,2,True,78,2,14455,17771,5867,23,0.81,11,0.25,15,0.051,1.0,0.023,1.21,staff,708 Example St,0
141882,medical,24,self-employed,7.0,20217,18816,0.19,live-with-family,phd,single,1,662,False,3,0.4,0,False,107,5,9661,7949,9714,5,0.22,0,0.2,4,0.047,0.6,0.045,0.91,senior staff,285 Example St,0
147542,refinance,30,self-employed,6.5,10237,19969,0.68,rent,master,single,0,665,False,5,0.14,3,True,59,3,4424,13092,2598,10,0.63,13,0.31,19,0.033,0.64,0.061,1.36,engineer,379 Example St,1
144131,education,12,self-employed,5.6,13064,10863,0.67,owner,master,widowed,2,784,False,6,0.7,1,False,106,5,22752,10501,9713,19,0.24,7,0.24,15,0.109,0.66,0.072,1.07,engineer,639 Example St,0
158735,medical,30,unemployed,13.5,28849,12716,0.14,live-with-family,bachelor,divorced,1,686,True,8,0.25,0,False,51,4,19812,7788,4468,10,0.48,10,0.3,17,0.04,0.91,0.023,1.45,retired,124 Example St,0
35876,refinance,18,unemployed,12.0,14255,12133,0.57,live-with-family,high-school,divorced,2,604,True,5,0.03,3,True,53,3,8837,17636,6259,17,0.16,14,0.38,3,0.114,0.73,0.024,1.22,director,167 Example St,1
104621,education,12,full-time,13.0,23106,19633,0.32,mortgage,phd,single,3,830,False,7,0.18,0,False,47,4,22629,4290,8383,1,0.72,4,0.25,2,0.034,0.55,0.021,1.3,manager,773 Example St,0
113606,medical,12,self-employed,5.2,7279,20136,0.34,rent,phd,widowed,1,780,True,4,0.45,0,False,35,1,5851,3793,859,20,0.84,7,0.24,1,0.042,0.62,0.021,1.41,senior staff,328 Example St,0
186285,refinance,30,full-time,7.7,14490,20129,0.11,live-with-family,high-school,single,1,801,True,4,0.23,3,True,50,5,6641,15062,8341,5,0.4,4,0.27,20,0.094,0.64,0.049,1.16,engineer,855 Example St,0
179283,medical,24,part-time,4.9,13530,16865,0.17,mortgage,phd,single,3,808,False,4,0.18,0,False,108,0,10736,9558,9342,23,0.75,6,0.44,9,0.056,0.53,0.054,1.2,director,223 Example St,1
101238,education,18,part-time,12.9,11761,20370,0.67,live-with-family,master,widowed,3,808,True,8,0.48,2,True,15,4,7514,3008,511,19,0.05,0,0.47,0,0.05,0.69,0.05,0.91,staff,377 Example St,0
70013,medical,24,full-time,4.2,26418,4733,0.28,rent,high-school,divorced,1,634,False,4,0.12,0,False,28,0,7689,5821,3847,14,0.87,8,0.14,18,0.068,0.87,0.021,0.85,consultant,31 Example St,0
133374,medical,30,part-time,14.6,23899,5442,0.49,mortgage,master,widowed,1,636,True,5,0.96,1,True,94,3,4063,4445,9227,13,0.56,15,0.4,1,0.049,0.54,0.036,1.37,senior staff,168 Example St,0
117326,refinance,36,unemployed,2.2,29090,24949,0.31,owner,phd,divorced,3,677,False,3,0.81,3,False,52,3,6832,11296,2255,10,0.92,14,0.23,17,0.106,0.58,0.013,1.15,engineer,614 Example St,0
185857,refinance,18,unemployed,2.1,11744,16987,0.15,live-with-family,high-school,single,4,553,True,5,0.93,1,True,93,5,14973,19029,1915,10,0.73,11,0.27,12,0.072,0.91,0.025,1.05,consultant,705 Example St,1
47899,education,30,part-time,12.5,29684,10171,0.53,rent,phd,married,0,656,True,7,0.3,1,True,110,1,4770,3531,509,9,0.12,5,0.41,2,0.027,0.73,0.018,1.46,consultant,11 Example St,1
98699,medical,30,contractor,3.1,19041,24291,0.45,live-with-family,high-school,widowed,0,755,False,6,0.03,3,False,102,4,7211,16851,9619,19,0.88,15,0.5,12,0.024,0.74,0.073,1.13,senior staff,95 Example St,0
185491,education,30,self-employed,11.2,12909,23779,0.69,rent,master,divorced,4,731,True,7,0.09,1,True,70,3,6264,19451,2969,14,0.27,12,0.4,17,0.085,0.52,0.051,1.29,team lead,179 Example St,1
96910,education,12,contractor,9.0,18983,7593,0.51,rent,bachelor,widowed,3,627,True,7,0.78,1,False,11,2,9985,10321,5571,21,0.58,15,0.11,14,0.101,0.97,0.018,0.92,engineer,759 Example St,1
178651,refinance,12,self-employed,7.4,27902,18089,0.11,mortgage,high-school,widowed,3,517,False,7,0.56,3,True,14,0,12610,14719,7776,12,0.51,7,0.45,4,0.032,0.58,0.05,1.27,team lead,676 Example St,1
117862,refinance,24,self-employed,1.0,26504,10078,0.45,rent,high-school,married,1,575,False,3,0.75,3,True,53,0,20718,3398,1847,16,0.67,0,0.15,4,0.052,0.62,0.044,0.95,team lead,490 Example St,1
45964,education,30,unemployed,9.5,22740,6323,0.19,owner,bachelor,single,3,762,True,3,0.25,3,False,34,2,17316,4955,7075,1,0.87,12,0.01,11,0.059,0.8,0.071,1.32,engineer,491 Example St,1
153574,medical,18,part-time,9.0,14424,20290,0.56,live-with-family,high-school,widowed,0,787,True,3,0.77,0,False,41,3,13202,18220,5594,9,0.84,10,0.46,15,0.071,0.69,0.071,1.28,senior staff,946 Example St,1
177113,refinance,36,part-time,7.0,7981,20045,0.69,rent,master,divorced,2,647,True,6,0.93,2,True,78,1,15420,13038,3143,10,0.52,13,0.14,19,0.062,0.83,0.064,1.42,engineer,822 Example St,1
97336,education,24,retired,8.1,15523,10699,0.58,owner,high-school,divorced,1,605,False,3,0.89,3,False,37,3,19870,11871,9309,14,0.54,4,0.13,2,0.045,0.98,0.067,1.49,staff,69 Example St,0
86797,medical,30,unemployed,8.8,14079,20748,0.44,owner,master,single,3,821,False,2,0.48,3,False,21,1,9934,7027,5920,1,0.04,2,0.14,17,0.074,0.56,0.017,1.32,consultant,210 Example St,0
193092,refinance,12,full-time,1.7,25459,13082,0.27,owner,bachelor,married,4,809,False,6,0.84,1,True,76,4,14378,10204,2815,12,0.2,0,0.48,2,0.077,0.81,0.078,1.37,manager,98 Example St,0
126535,education,18,self-employed,9.1,10686,11220,0.27,rent,bachelor,divorced,3,796,False,8,0.21,0,True,58,5,18553,17500,2463,23,0.89,12,0.01,8,0.041,0.84,0.041,1.41,owner,330 Example St,0
153053,refinance,30,self-employed,9.1,17221,8735,0.52,live-with-family,bachelor,widowed,1,611,False,6,0.41,1,False,35,3,23675,18391,397,21,0.94,7,0.32,2,0.065,0.9,0.037,1.04,consultant,21 Example St,1
136739,medical,12,self-employed,3.8,12489,12818,0.32,mortgage,phd,married,1,612,True,1,0.98,2,True,103,1,6948,8202,1513,19,0.7,1,0.13,16,0.113,0.73,0.031,1.4,director,892 Example St,1
80054,medical,24,part-time,7.8,12596,7023,0.47,owner,master,widowed,3,585,True,1,0.81,1,True,14,0,12816,8856,8748,3,0.78,11,0.36,4,0.073,0.59,0.065,1.03,engineer,785 Example St,0
25431,refinance,36,full-time,5.9,10472,5584,0.38,owner,bachelor,divorced,4,642,False,4,0.45,0,True,26,5,23857,4385,1098,12,0.14,9,0.23,15,0.088,0.7,0.048,1.08,senior staff,478 Example St,1
156224,medical,36,unemployed,10.8,29554,17277,0.55,live-with-family,bachelor,widowed,1,518,True,2,0.6,2,False,20,4,17513,15536,6159,9,0.37,10,0.24,0,0.042,0.89,0.063,1.11,retired,810 Example St,1
56659,refinance,24,self-employed,3.7,5536,11440,0.64,mortgage,phd,widowed,3,738,False,4,0.46,3,True,37,1,24972,6318,4840,11,0.05,14,0.45,20,0.107,0.54,0.031,1.37,senior staff,489 Example St,0
145687,education,24,contractor,2.9,21604,9437,0.11,rent,bachelor,divorced,0,512,True,6,0.02,3,False,108,4,19082,14368,5350,9,0.37,3,0.44,15,0.063,0.76,0.057,1.18,retired,519 Example St,0
60194,medical,24,retired,10.7,28968,24814,0.26,owner,bachelor,single,4,696,False,7,0.22,0,False,7,1,10373,16709,9327,6,0.42,4,0.21,18,0.046,0.96,0.01,0.85,staff,272 Example St,1
37324,education,30,part-time,13.9,21170,7743,0.15,live-with-family,master,divorced,3,632,False,6,0.53,2,True,34,0,18217,18839,4459,10,0.94,9,0.25,12,0.025,0.8,0.066,0.98,engineer,569 Example St,0
77397,education,30,part-time,13.9,27851,21767,0.4,live-with-family,phd,widowed,4,669,False,2,0.24,3,True,105,2,5864,17274,6650,13,0.15,15,0.49,10,0.114,0.56,0.026,1.42,team lead,951 Example St,1
174251,education,30,self-employed,12.7,14386,11970,0.47,owner,master,married,4,667,False,2,0.1,0,True,25,4,18042,19143,1512,22,0.65,1,0.0,5,0.023,0.65,0.069,1.28,owner,683 Example St,1
30598,education,24,contractor,1.5,24099,6698,0.69,rent,bachelor,married,3,751,True,5,0.59,0,False,23,0,19149,11519,2578,20,0.78,3,0.25,7,0.089,0.52,0.07,1.27,team lead,830 Example St,1
153398,medical,24,retired,10.6,18143,17696,0.58,owner,master,divorced,1,623,False,3,0.7,0,True,13,4,7857,7839,1764,14,0.13,2,0.14,10,0.089,0.79,0.06,1.1,manager,953 Example St,1
196066,refinance,36,contractor,14.1,11873,19506,0.49,mortgage,bachelor,widowed,1,676,True,1,0.03,2,False,29,3,19188,16024,5301,14,0.13,10,0.37,13,0.086,0.98,0.063,1.41,engineer,8 Example St,1
63038,medical,30,full-time,7.3,15962,8855,0.13,owner,bachelor,widowed,2,603,True,7,0.04,0,False,97,2,24148,15223,5524,0,0.1,6,0.11,10,0.088,0.93,0.062,0.99,consultant,911 Example St,1
174792,refinance,36,part-time,6.5,28962,5291,0.37,mortgage,phd,single,2,670,True,7,0.59,0,False,112,3,19189,10567,5163,18,0.22,8,0.15,20,0.105,0.91,0.057,1.21,consultant,272 Example St,0
80088,education,18,self-employed,3.6,5073,18090,0.13,rent,master,widowed,0,756,False,1,0.5,1,False,105,0,11695,15747,9187,23,0.33,6,0.01,13,0.028,0.82,0.076,0.81,engineer,954 Example St,1
87683,education,24,retired,3.9,10303,17973,0.22,owner,master,single,2,658,True,2,0.98,0,True,36,0,12849,8864,1857,14,0.34,14,0.26,15,0.087,0.64,0.016,1.35,owner,181 Example St,0
69623,refinance,24,retired,0.3,25327,6831,0.7,owner,bachelor,divorced,1,767,True,8,0.99,2,True,49,3,18168,6393,8395,12,0.21,6,0.31,15,0.097,0.87,0.015,1.5,intern,855 Example St,1
149597,refinance,30,self-employed,4.8,17087,10524,0.64,rent,phd,married,0,792,False,1,0.99,2,False,59,5,4243,13327,7593,2,0.13,3,0.3,17,0.097,0.8,0.043,1.19,senior staff,744 Example St,1
51392,refinance,12,retired,4.8,15225,21599,0.59,mortgage,high-school,single,0,653,True,5,0.82,1,False,49,3,6437,14920,1230,15,0.31,9,0.2,0,0.118,0.66,0.06,1.41,senior staff,618 Example St,1
46246,medical,12,full-time,14.6,15937,14430,0.63,owner,bachelor,single,1,525,False,5,0.84,0,False,76,5,13749,6291,6613,1,0.31,13,0.05,10,0.047,0.53,0.015,1.46,retired,5 Example St,0
145036,education,30,contractor,6.1,8502,12660,0.2,owner,high-school,divorced,1,594,True,1,0.47,1,True,100,5,20701,10818,6683,0,0.68,8,0.29,6,0.069,0.62,0.04,1.23,consultant,198 Example St,1
96731,medical,18,self-employed,14.6,18485,22950,0.27,owner,high-school,widowed,2,831,False,1,0.98,3,True,101,2,8200,9041,9506,3,0.97,7,0.07,1,0.043,0.62,0.013,0.85,consultant,137 Example St,1
92495,education,36,full-time,9.8,28502,7629,0.6,rent,phd,single,2,605,False,3,0.15,0,False,47,3,16410,12013,7264,21,0.2,4,0.1,11,0.039,0.83,0.076,0.97,team lead,972 Example St,0
32827,medical,12,self-employed,7.0,7012,5952,0.55,mortgage,bachelor,widowed,0,647,True,5,0.28,3,True,66,4,6139,17890,5699,9,0.64,14,0.1,8,0.104,0.98,0.029,1.14,team lead,927 Example St,0
81452,refinance,30,self-employed,3.3,23079,20701,0.49,owner,high-school,divorced,2,767,False,2,0.27,2,False,8,0,22584,6510,3952,9,0.25,7,0.38,17,0.106,0.79,0.075,1.45,team lead,542 Example St,0
25130,medical,36,self-employed,8.5,5047,19762,0.22,rent,master,widowed,2,639,True,7,0.67,2,True,54,3,24467,9431,4012,10,0.05,10,0.18,7,0.073,0.75,0.04,1.19,manager,106 Example St,1
55912,education,30,full-time,3.1,18512,21530,0.7,rent,high-school,widowed,1,613,True,4,0.37,0,False,7,4,17406,6941,4594,20,0.59,14,0.45,2,0.054,0.62,0.018,1.36,retired,550 Example St,1
83231,education,30,retired,4.2,10473,4208,0.66,live-with-family,bachelor,widowed,2,551,True,4,0.92,2,True,60,5,15434,14694,7411,17,0.7,0,0.37,20,0.077,0.83,0.023,1.38,intern,756 Example St,0
67026,education,18,part-time,2.0,20101,6007,0.5,owner,bachelor,single,0,604,False,5,0.83,3,True,94,0,9212,18523,6194,0,0.17,1,0.27,13,0.031,0.88,0.025,0.91,manager,446 Example St,0
63565,medical,36,retired,8.3,27188,21395,0.67,mortgage,phd,married,4,772,True,8,0.42,3,False,46,2,23866,10017,328,6,0.41,12,0.39,14,0.113,0.94,0.018,1.29,staff,236 Example St,1
159865,education,36,self-employed,5.9,26287,23027,0.53,owner,high-school,married,4,618,True,4,0.91,0,True,74,4,6738,14112,8602,17,0.09,8,0.17,4,0.103,0.52,0.044,1.39,engineer,823 Example St,1
186788,education,36,part-time,9.4,7340,17832,0.53,rent,master,widowed,1,848,False,6,0.03,0,True,105,5,4793,3994,1370,10,0.16,2,0.04,6,0.068,0.9,0.041,1.43,owner,59 Example St,1
178563,education,18,contractor,4.7,27025,7773,0.58,mortgage,master,divorced,1,543,True,8,0.29,0,True,28,2,20430,4391,5146,12,0.47,13,0.23,1,0.08,0.5,0.028,0.97,owner,652 Example St,0
114756,refinance,36,contractor,8.0,18277,16377,0.44,owner,phd,married,2,761,True,6,0.37,0,False,45,1,22901,15298,686,17,0.71,15,0.03,6,0.044,0.8,0.053,1.12,owner,806 Example St,1
183682,refinance,36,part-time,1.9,6989,12775,0.58,rent,phd,divorced,4,563,True,5,0.63,2,True,76,3,20333,11159,8448,6,0.38,6,0.26,2,0.06,0.62,0.057,0.9,consultant,634 Example St,1
64792,refinance,36,retired,10.0,28938,14076,0.34,owner,high-school,married,3,566,False,7,0.21,2,False,16,3,5336,15785,4777,20,0.39,11,0.47,11,0.096,0.93,0.013,1.08,intern,739 Example St,1
109110,refinance,18,contractor,2.9,28895,4762,0.5,live-with-family,phd,divorced,3,643,False,1,0.77,0,False,36,4,20415,19998,2923,8,0.33,4,0.23,1,0.087,0.67,0.03,1.25,director,245 Example St,0
76658,education,24,part-time,12.4,13444,23238,0.29,rent,phd,married,1,552,True,2,0.71,3,False,98,0,21838,4583,9936,6,0.24,2,0.32,6,0.069,0.57,0.055,1.5,staff,904 Example St,1
29111,refinance,12,full-time,13.8,25049,20544,0.4,mortgage,phd,single,3,756,False,1,0.01,1,True,111,0,4963,6497,5481,13,0.11,4,0.42,16,0.112,0.62,0.036,1.13,team lead,271 Example St,1
176256,education,30,full-time,13.2,27286,11002,0.34,mortgage,bachelor,single,0,659,True,2,0.87,2,True,75,2,11400,10580,6504,16,0.48,0,0.29,13,0.039,0.91,0.021,0.95,retired,518 Example St,0
82951,medical,24,contractor,5.1,7514,7022,0.25,rent,master,married,4,774,False,1,0.83,0,False,36,3,16959,17046,7133,23,0.05,3,0.06,4,0.063,0.92,0.076,1.46,staff,533 Example St,1
114718,medical,30,unemployed,1.3,29993,4893,0.33,live-with-family,high-school,divorced,1,551,True,4,0.25,2,False,12,3,20681,9009,7147,18,0.11,15,0.21,17,0.084,0.57,0.025,1.17,director,298 Example St,1
30575,education,18,contractor,13.4,5162,21295,0.69,owner,master,divorced,1,744,True,7,0.05,1,False,84,5,8067,4749,1678,21,0.37,0,0.3,1,0.071,1.0,0.051,0.85,director,293 Example St,1
24134,refinance,30,contractor,8.7,10426,17200,0.55,live-with-family,phd,divorced,4,828,False,2,0.89,2,True,74,2,22981,15586,9318,7,0.15,3,0.15,16,0.109,0.78,0.065,1.4,engineer,912 Example St,0
68484,education,24,part-time,11.6,19086,17245,0.44,rent,phd,single,4,742,True,7,0.64,3,False,120,0,18483,8698,3537,9,0.56,7,0.26,7,0.053,0.83,0.074,1.26,senior staff,142 Example St,1
167102,education,24,full-time,13.5,18352,7860,0.69,live-with-family,master,single,4,575,False,6,0.54,1,False,90,2,7063,15531,9386,12,0.34,2,0.46,6,0.021,0.74,0.04,1.27,engineer,785 Example St,0
158544,medical,36,contractor,14.7,29589,7938,0.25,owner,master,widowed,4,576,True,5,0.85,2,True,115,0,9381,18676,3665,0,0.01,13,0.3,12,0.026,0.53,0.068,1.33,senior staff,207 Example St,0
195194,education,36,contractor,12.4,5835,5570,0.67,live-with-family,high-school,divorced,0,650,True,6,0.05,3,True,116,5,21098,9419,9543,14,0.64,4,0.03,11,0.042,0.64,0.011,1.15,team lead,614 Example St,0
62549,education,30,part-time,10.9,30000,17488,0.5,owner,master,single,4,547,False,8,0.92,0,True,78,5,23719,5188,4317,0,0.4,8,0.03,6,0.04,0.73,0.016,0.89,owner,367 Example St,1
64891,education,24,self-employed,1.6,22848,6593,0.38,owner,bachelor,single,0,808,True,1,0.38,1,False,36,4,14412,7337,7663,15,0.55,11,0.19,6,0.042,0.54,0.057,1.01,director,607 Example St,0
64222,refinance,24,full-time,2.1,17962,13634,0.41,rent,phd,divorced,2,527,True,8,0.2,2,True,56,3,21504,6548,2322,14,0.74,15,0.33,5,0.112,0.54,0.068,1.25,team lead,916 Example St,1
